league,season,team,player,nation,pos,age,mp,starts,minutes,nineties,goals_against,ga_per90,shots_on_target_against,saves,save_pct,clean_sheets,cs_pct,pks_faced,pks_allowed,pen_saves,pks_missed_by_opp,per90_saves,per90_cs
ENG-Premier League,2526,Arsenal,David Raya,ESP,GK,30-254,37,37,3330,37.0,26,0.7,86,59,69.8,19,51.4,0,0,0,0,1.5945945945945945,0.5135135135135135
ENG-Premier League,2526,Arsenal,Kepa Arrizabalaga,ESP,GK,31-236,1,1,90,1.0,1,1.0,3,2,66.7,0,0.0,0,0,0,0,2.0,0.0
ENG-Premier League,2526,Aston Villa,Emiliano Martínez,ARG,GK,33-267,32,32,2835,31.5,39,1.24,133,95,70.7,8,25.0,1,0,1,0,3.015873015873016,0.25396825396825395
ENG-Premier League,2526,Aston Villa,Marco Bizot,NED,GK,35-078,7,6,585,6.5,10,1.54,28,19,67.9,2,33.3,1,1,0,0,2.923076923076923,0.3076923076923077
ENG-Premier League,2526,Bournemouth,Đorđe Petrović,SRB,GK,26-231,38,38,3420,38.0,54,1.42,157,109,69.4,11,28.9,6,6,0,0,2.8684210526315788,0.2894736842105263
ENG-Premier League,2526,Brentford,Caoimhín Kelleher,IRL,GK,27-185,37,37,3330,37.0,49,1.32,146,105,69.9,10,27.0,8,5,3,0,2.8378378378378377,0.2702702702702703
ENG-Premier League,2526,Brentford,Hákon Valdimarsson,ISL,GK,24-226,1,1,90,1.0,3,3.0,4,1,25.0,0,0.0,0,0,0,0,1.0,0.0
ENG-Premier League,2526,Brighton,Bart Verbruggen,NED,GK,23-282,38,38,3420,38.0,46,1.21,145,103,71.7,10,26.3,6,5,1,0,2.710526315789474,0.2631578947368421
ENG-Premier League,2526,Burnley,Martin Dúbravka,SVK,GK,37-132,35,35,3150,35.0,71,2.03,192,127,66.1,4,11.4,7,6,0,1,3.6285714285714286,0.11428571428571428
ENG-Premier League,2526,Burnley,Max Weiß,GER,GK,21-346,3,3,270,3.0,4,1.33,13,10,76.9,0,0.0,1,1,0,0,3.3333333333333335,0.0
ENG-Premier League,2526,Chelsea,Filip Jørgensen,DEN,GK,24-041,5,3,379,4.2,5,1.19,13,8,61.5,0,0.0,0,0,0,0,1.9047619047619047,0.0
ENG-Premier League,2526,Chelsea,Robert Sánchez,ESP,GK,28-190,35,35,3039,33.8,49,1.45,145,97,67.6,9,25.7,2,2,0,0,2.869822485207101,0.26627218934911245
ENG-Premier League,2526,Crystal Palace,Dean Henderson,ENG,GK,29-076,37,37,3330,37.0,51,1.38,150,104,69.3,11,29.7,6,5,1,0,2.810810810810811,0.2972972972972973
ENG-Premier League,2526,Crystal Palace,Walter Benítez,ARG,GK,33-128,1,1,90,1.0,0,0.0,3,3,100.0,1,100.0,1,0,0,1,3.0,1.0
ENG-Premier League,2526,Everton,Jordan Pickford,ENG,GK,32-081,38,38,3420,38.0,50,1.32,145,99,67.6,11,28.9,4,3,1,0,2.6052631578947367,0.2894736842105263
ENG-Premier League,2526,Fulham,Bernd Leno,GER,GK,34-084,38,38,3420,38.0,51,1.34,146,98,67.1,9,23.7,4,3,0,1,2.5789473684210527,0.23684210526315788
ENG-Premier League,2526,Leeds United,Karl Darlow,WAL,GK,35-231,22,22,1980,22.0,27,1.23,88,63,71.6,5,22.7,2,2,0,0,2.8636363636363638,0.22727272727272727
ENG-Premier League,2526,Leeds United,Lucas Perri,BRA,GK,28-168,16,16,1440,16.0,29,1.81,63,38,60.3,3,18.8,4,4,0,0,2.375,0.1875
ENG-Premier League,2526,Liverpool,Alisson,BRA,GK,33-237,26,26,2340,26.0,31,1.19,86,57,66.3,8,30.8,2,2,0,0,2.1923076923076925,0.3076923076923077
ENG-Premier League,2526,Liverpool,Freddie Woodman,ENG,GK,29-084,3,2,213,2.4,4,1.69,13,9,69.2,0,0.0,0,0,0,0,3.75,0.0
ENG-Premier League,2526,Liverpool,Giorgi Mamardashvili,GEO,GK,25-240,10,10,867,9.6,18,1.87,49,33,65.3,2,20.0,2,1,1,0,3.4375,0.20833333333333334
ENG-Premier League,2526,Manchester City,Gianluigi Donnarumma,ITA,GK,27-091,34,34,3060,34.0,29,0.85,105,75,72.4,15,44.1,1,0,1,0,2.2058823529411766,0.4411764705882353
ENG-Premier League,2526,Manchester City,James Trafford,ENG,GK,23-229,4,4,360,4.0,6,1.5,19,14,73.7,1,25.0,1,1,0,0,3.5,0.25
ENG-Premier League,2526,Manchester Utd,Altay Bayındır,TUR,GK,28-043,6,6,540,6.0,11,1.83,24,13,54.2,0,0.0,0,0,0,0,2.1666666666666665,0.0
ENG-Premier League,2526,Manchester Utd,Senne Lammens,BEL,GK,23-324,32,32,2880,32.0,39,1.22,114,78,69.3,8,25.0,4,4,0,0,2.4375,0.25
ENG-Premier League,2526,Newcastle United,Aaron Ramsdale,ENG,GK,28-013,12,11,1004,11.2,17,1.52,38,24,63.2,1,9.1,3,3,0,0,2.142857142857143,0.08928571428571429
ENG-Premier League,2526,Newcastle United,Nick Pope,ENG,GK,34-038,27,27,2416,26.8,38,1.42,125,89,71.2,7,25.9,2,2,0,0,3.3208955223880596,0.26119402985074625
ENG-Premier League,2526,Nottingham Forest,Angus Gunn,SCO,GK,30-125,1,0,45,0.5,0,0.0,0,0,,0,,0,0,0,0,0.0,0.0
ENG-Premier League,2526,Nottingham Forest,John,BRA,GK,30-103,5,5,437,4.9,8,1.65,13,6,46.2,1,20.0,1,1,0,0,1.2244897959183672,0.2040816326530612
ENG-Premier League,2526,Nottingham Forest,Matz Sels,BEL,GK,34-090,31,30,2668,29.6,39,1.32,127,93,72.4,7,23.3,5,4,1,0,3.1418918918918917,0.23648648648648649
ENG-Premier League,2526,Nottingham Forest,Stefan Ortega,GER,GK,33-202,3,3,270,3.0,4,1.33,12,8,66.7,1,33.3,0,0,0,0,2.6666666666666665,0.3333333333333333
ENG-Premier League,2526,Sunderland,Melker Ellborg,SWE,GK,23-005,3,3,270,3.0,2,0.67,12,10,83.3,1,33.3,0,0,0,0,3.3333333333333335,0.3333333333333333
ENG-Premier League,2526,Sunderland,Robin Roefs,NED,GK,23-130,35,35,3150,35.0,46,1.31,151,108,70.9,10,28.6,3,2,1,0,3.085714285714286,0.2857142857142857
ENG-Premier League,2526,Tottenham Hotspur,Antonín Kinský,CZE,GK,23-075,7,7,630,7.0,7,1.0,16,10,62.5,2,28.6,1,1,0,0,1.4285714285714286,0.2857142857142857
ENG-Premier League,2526,Tottenham Hotspur,Guglielmo Vicario,ITA,GK,29-232,31,31,2790,31.0,50,1.61,131,83,63.4,7,22.6,2,2,0,0,2.6774193548387095,0.22580645161290322
ENG-Premier League,2526,West Ham United,Alphonse Areola,FRA,GK,33-089,20,20,1800,20.0,37,1.85,108,76,70.4,0,0.0,6,5,0,1,3.8,0.0
ENG-Premier League,2526,West Ham United,Mads Hermansen,DEN,GK,25-320,18,18,1620,18.0,28,1.56,81,53,66.7,7,38.9,1,1,0,0,2.9444444444444446,0.3888888888888889
ENG-Premier League,2526,Wolves,Daniel Bentley,ENG,GK,32-318,3,3,270,3.0,7,2.33,13,7,53.8,0,0.0,1,1,0,0,2.3333333333333335,0.0
ENG-Premier League,2526,Wolves,José Sá,POR,GK,33-130,23,23,2070,23.0,37,1.61,99,65,65.7,4,17.4,3,3,0,0,2.8260869565217392,0.17391304347826086
ENG-Premier League,2526,Wolves,Sam Johnstone,ENG,GK,33-063,12,12,1080,12.0,24,2.0,62,39,62.9,0,0.0,1,1,0,0,3.25,0.0
ESP-La Liga,2526,Alavés,Antonio Sivera,ESP,GK,29-289,38,38,3420,38.0,56,1.47,148,97,65.5,5,13.2,5,5,0,0,2.5526315789473686,0.13157894736842105
ESP-La Liga,2526,Athletic Club,Alex Padilla,ESP,GK,22-268,1,1,90,1.0,4,4.0,8,4,50.0,0,0.0,0,0,0,0,4.0,0.0
ESP-La Liga,2526,Athletic Club,Unai Simón,ESP,GK,28-350,37,37,3330,37.0,54,1.46,146,97,65.1,6,16.2,6,3,2,1,2.6216216216216215,0.16216216216216217
ESP-La Liga,2526,Atlético Madrid,Jan Oblak,SVN,GK,33-140,30,30,2700,30.0,31,1.03,104,75,72.1,11,36.7,3,2,0,1,2.5,0.36666666666666664
ESP-La Liga,2526,Atlético Madrid,Juan Musso,ARG,GK,32-021,8,8,720,8.0,13,1.62,32,22,68.8,3,37.5,3,3,0,0,2.75,0.375
ESP-La Liga,2526,Barcelona,Joan García,ESP,GK,25-023,30,30,2700,30.0,21,0.7,92,74,80.4,15,50.0,3,3,0,0,2.466666666666667,0.5
ESP-La Liga,2526,Barcelona,Wojciech Szczęsny,POL,GK,36-039,8,8,720,8.0,15,1.87,35,22,60.0,0,0.0,2,1,1,0,2.75,0.0
ESP-La Liga,2526,Celta Vigo,Ionuț Radu,ROU,GK,28-364,38,38,3420,38.0,48,1.26,151,111,72.2,10,26.3,11,6,2,3,2.9210526315789473,0.2631578947368421
ESP-La Liga,2526,Elche,Iñaki Peña,ESP,GK,27-086,16,16,1440,16.0,28,1.75,81,55,67.9,4,25.0,2,2,0,0,3.4375,0.25
ESP-La Liga,2526,Elche,Matías Dituro,ARG,GK,39-019,22,22,1980,22.0,29,1.32,89,64,71.9,4,18.2,5,4,0,1,2.909090909090909,0.18181818181818182
ESP-La Liga,2526,Espanyol,Fortuño,ESP,GK,24-234,1,1,90,1.0,1,1.0,3,2,66.7,0,0.0,0,0,0,0,2.0,0.0
ESP-La Liga,2526,Espanyol,Marko Dmitrović,SRB,GK,34-123,37,37,3330,37.0,54,1.46,182,133,73.1,10,27.0,5,5,0,0,3.5945945945945947,0.2702702702702703
ESP-La Liga,2526,Getafe,David Soria,ESP,GK,33-053,38,38,3420,38.0,38,1.0,151,115,75.5,12,31.6,4,1,2,1,3.026315789473684,0.3157894736842105
ESP-La Liga,2526,Girona,Marc-André ter Stegen,GER,GK,34-027,2,2,180,2.0,2,1.0,6,4,66.7,0,0.0,0,0,0,0,2.0,0.0
ESP-La Liga,2526,Girona,Paulo Gazzaniga,ARG,GK,34-145,35,35,3102,34.5,47,1.36,158,115,72.8,6,17.1,5,4,0,1,3.3333333333333335,0.17391304347826086
ESP-La Liga,2526,Girona,Vladyslav Krapyvtsov,UKR,GK,20-336,2,1,136,1.5,6,3.97,9,4,44.4,0,0.0,1,1,0,0,2.6666666666666665,0.0
ESP-La Liga,2526,Levante,Mathew Ryan,AUS,GK,34-049,36,36,3240,36.0,56,1.56,176,124,69.9,9,25.0,4,3,1,0,3.4444444444444446,0.25
ESP-La Liga,2526,Levante,Pablo Cuñat,ESP,GK,24-029,2,2,180,2.0,5,2.5,16,11,68.8,0,0.0,0,0,0,0,5.5,0.0
ESP-La Liga,2526,Mallorca,Leo Román,ESP,GK,25-325,33,33,2970,33.0,50,1.52,142,99,69.0,4,12.1,8,6,1,1,3.0,0.12121212121212122
ESP-La Liga,2526,Mallorca,Lucas Bergström,FIN,GK,23-264,5,5,450,5.0,7,1.4,22,15,68.2,2,40.0,0,0,0,0,3.0,0.4
ESP-La Liga,2526,Osasuna,Aitor Fernández,ESP,GK,35-024,2,1,136,1.5,3,1.99,11,9,81.8,0,0.0,1,1,0,0,6.0,0.0
ESP-La Liga,2526,Osasuna,Sergio Herrera,ESP,GK,32-356,37,37,3284,36.5,47,1.29,152,113,74.3,7,18.9,8,8,0,0,3.095890410958904,0.1917808219178082
ESP-La Liga,2526,Oviedo,Aarón Escandell,ESP,GK,30-242,36,36,3240,36.0,56,1.56,194,145,73.7,10,27.8,7,5,2,0,4.027777777777778,0.2777777777777778
ESP-La Liga,2526,Oviedo,Horaţiu Moldovan,ROU,GK,28-127,2,2,180,2.0,4,2.0,8,4,50.0,0,0.0,0,0,0,0,2.0,0.0
ESP-La Liga,2526,Rayo Vallecano,Augusto Batalla,ARG,GK,30-027,34,34,3060,34.0,37,1.09,122,91,73.8,11,32.4,6,5,1,0,2.676470588235294,0.3235294117647059
ESP-La Liga,2526,Rayo Vallecano,Dani Cárdenas,ESP,GK,29-060,4,4,360,4.0,7,1.75,24,19,75.0,1,25.0,2,1,1,0,4.75,0.25
ESP-La Liga,2526,Real Betis,Adrián,ESP,GK,39-144,1,1,90,1.0,1,1.0,7,6,85.7,0,0.0,0,0,0,0,6.0,0.0
ESP-La Liga,2526,Real Betis,Pau López,ESP,GK,31-165,9,9,810,9.0,11,1.22,39,29,71.8,2,22.2,1,0,1,0,3.2222222222222223,0.2222222222222222
ESP-La Liga,2526,Real Betis,Álvaro Vallés,ESP,GK,28-306,28,28,2520,28.0,36,1.29,118,87,72.9,8,28.6,6,4,1,1,3.107142857142857,0.2857142857142857
ESP-La Liga,2526,Real Madrid,Andriy Lunin,UKR,GK,27-105,6,6,540,6.0,7,1.17,23,16,69.6,1,16.7,0,0,0,0,2.6666666666666665,0.16666666666666666
ESP-La Liga,2526,Real Madrid,Thibaut Courtois,BEL,GK,34-016,32,32,2880,32.0,28,0.87,94,70,74.5,13,40.6,4,4,0,0,2.1875,0.40625
ESP-La Liga,2526,Real Sociedad,Unai Marrero,ESP,GK,24-230,1,1,90,1.0,1,1.0,8,7,87.5,0,0.0,0,0,0,0,7.0,0.0
ESP-La Liga,2526,Real Sociedad,Álex Remiro,ESP,GK,31-064,37,37,3330,37.0,60,1.62,154,99,64.3,3,8.1,5,5,0,0,2.675675675675676,0.08108108108108109
ESP-La Liga,2526,Sevilla,Odysseas Vlachodimos,GRE,GK,32-031,33,33,2970,33.0,52,1.58,131,88,66.4,5,15.2,10,8,1,1,2.6666666666666665,0.15151515151515152
ESP-La Liga,2526,Sevilla,Ørjan Nyland,NOR,GK,35-259,5,5,450,5.0,8,1.6,18,11,61.1,1,20.0,1,1,0,0,2.2,0.2
ESP-La Liga,2526,Valencia,Julen Agirrezabala,ESP,GK,25-152,18,18,1620,18.0,30,1.67,79,52,65.8,4,22.2,4,3,1,0,2.888888888888889,0.2222222222222222
ESP-La Liga,2526,Valencia,Stole Dimitrievski,MKD,GK,32-153,20,20,1800,20.0,25,1.25,74,52,70.3,5,25.0,4,3,0,1,2.6,0.25
ESP-La Liga,2526,Villarreal,Arnau Tenas,ESP,GK,24-362,10,10,900,10.0,16,1.6,44,30,68.2,0,0.0,2,2,0,0,3.0,0.0
ESP-La Liga,2526,Villarreal,Luiz Lúcio Reis Júnior,BRA,GK,25-133,28,28,2520,28.0,30,1.07,96,72,74.0,8,28.6,6,5,1,0,2.5714285714285716,0.2857142857142857
FRA-Ligue 1,2526,Angers,Hervé Koffi,BFA,GK,29-223,30,30,2658,29.5,36,1.22,152,120,78.3,10,33.3,6,3,2,1,4.067796610169491,0.3389830508474576
FRA-Ligue 1,2526,Angers,Melvin Zinga,FRA,GK,24-072,3,2,222,2.5,5,2.03,13,8,61.5,0,0.0,0,0,0,0,3.2,0.0
FRA-Ligue 1,2526,Angers,Oumar Pona,FRA,GK,19-340,2,2,180,2.0,7,3.5,13,6,46.2,0,0.0,0,0,0,0,3.0,0.0
FRA-Ligue 1,2526,Auxerre,Donovan Léon,GUF,GK,33-205,29,29,2460,27.3,35,1.28,127,95,74.0,9,31.0,3,2,1,0,3.47985347985348,0.32967032967032966
FRA-Ligue 1,2526,Auxerre,Théo De Percin,MTQ,GK,25-114,8,5,598,6.6,9,1.35,22,15,63.6,1,20.0,2,1,1,0,2.272727272727273,0.15151515151515152
FRA-Ligue 1,2526,Brest,Grégoire Coudert,FRA,GK,27-054,25,24,2192,24.4,40,1.64,112,76,67.0,6,25.0,4,3,1,0,3.114754098360656,0.24590163934426232
FRA-Ligue 1,2526,Brest,Radosław Majecki,POL,GK,26-192,10,10,864,9.6,18,1.87,43,26,60.5,3,30.0,1,1,0,0,2.7083333333333335,0.3125
FRA-Ligue 1,2526,Le Havre,Lionel Mpasi,COD,GK,31-299,4,3,315,3.5,2,0.57,17,15,88.2,1,33.3,0,0,0,0,4.285714285714286,0.2857142857142857
FRA-Ligue 1,2526,Le Havre,Mory Diaw,SEN,GK,32-339,30,30,2655,29.5,41,1.39,113,80,69.0,7,23.3,8,6,2,0,2.711864406779661,0.23728813559322035
FRA-Ligue 1,2526,Le Havre,Paul Argney,FRA,GK,20-004,1,1,90,1.0,1,1.0,3,2,66.7,0,0.0,0,0,0,0,2.0,0.0
FRA-Ligue 1,2526,Lens,Mathieu Gorgelin,FRA,GK,35-295,1,1,90,1.0,0,0.0,4,4,100.0,1,100.0,0,0,0,0,4.0,1.0
FRA-Ligue 1,2526,Lens,Robin Risser,FRA,GK,21-176,33,33,2970,33.0,35,1.06,106,76,69.8,11,33.3,6,3,2,1,2.303030303030303,0.3333333333333333
FRA-Ligue 1,2526,Lille,Arnaud Bodart,BEL,GK,28-077,3,2,226,2.5,3,1.19,6,4,66.7,0,0.0,1,1,0,0,1.6,0.0
FRA-Ligue 1,2526,Lille,Berke Özer,TUR,GK,26-002,32,32,2834,31.5,34,1.08,103,70,68.0,13,40.6,3,1,1,1,2.2222222222222223,0.4126984126984127
FRA-Ligue 1,2526,Lorient,Bingourou Kamara,SEN,GK,29-218,3,3,270,3.0,8,2.67,16,8,50.0,1,33.3,1,0,0,1,2.6666666666666665,0.3333333333333333
FRA-Ligue 1,2526,Lorient,Yvon Mvogo,SUI,GK,31-355,31,31,2790,31.0,43,1.39,115,76,66.1,6,19.4,5,4,0,1,2.4516129032258065,0.1935483870967742
FRA-Ligue 1,2526,Lyon,Dominik Greif,SVK,GK,29-051,29,29,2610,29.0,37,1.28,110,77,68.2,11,37.9,5,2,3,0,2.6551724137931036,0.3793103448275862
FRA-Ligue 1,2526,Lyon,Rémy Descamps,FRA,GK,29-336,5,5,450,5.0,3,0.6,17,14,82.4,4,80.0,0,0,0,0,2.8,0.8
FRA-Ligue 1,2526,Marseille,Gerónimo Rulli,ARG,GK,34-007,29,29,2610,29.0,34,1.17,105,76,72.4,8,27.6,6,5,0,1,2.6206896551724137,0.27586206896551724
FRA-Ligue 1,2526,Marseille,Jeffrey De Lange,NED,GK,28-056,5,5,450,5.0,11,2.2,24,13,54.2,1,20.0,0,0,0,0,2.6,0.2
FRA-Ligue 1,2526,Metz,Jonathan Fischer,DEN,GK,24-199,27,26,2354,26.2,56,2.14,141,92,64.5,5,19.2,7,6,1,0,3.5114503816793894,0.19083969465648856
FRA-Ligue 1,2526,Metz,Pape Mamadou Sy,SEN,GK,29-025,8,8,706,7.8,20,2.55,48,29,60.4,2,25.0,1,1,0,0,3.717948717948718,0.25641025641025644
FRA-Ligue 1,2526,Monaco,Lukáš Hrádecký,FIN,GK,36-184,17,17,1439,16.0,27,1.69,70,45,64.3,2,11.8,3,2,0,1,2.8125,0.125
FRA-Ligue 1,2526,Monaco,Philipp Köhn,SUI,GK,28-055,19,17,1621,18.0,27,1.5,73,48,65.8,5,29.4,2,2,0,0,2.6666666666666665,0.2777777777777778
FRA-Ligue 1,2526,Nantes,Anthony Lopes,POR,GK,35-238,31,31,2788,31.0,50,1.61,142,97,68.3,6,19.4,5,5,0,0,3.129032258064516,0.1935483870967742
FRA-Ligue 1,2526,Nantes,Patrik Carlgren,SWE,GK,34-139,3,2,182,2.0,2,0.99,13,11,84.6,1,50.0,0,0,0,0,5.5,0.5
FRA-Ligue 1,2526,Nice,Maxime Dupé,FRA,GK,33-084,8,8,720,8.0,15,1.87,32,20,62.5,1,12.5,3,3,0,0,2.5,0.125
FRA-Ligue 1,2526,Nice,Yehvann Diouf,SEN,GK,26-192,26,26,2340,26.0,45,1.73,130,91,69.2,5,19.2,7,5,1,1,3.5,0.19230769230769232
FRA-Ligue 1,2526,Paris FC,Kevin Trapp,GER,GK,35-323,22,22,1980,22.0,29,1.32,80,56,71.3,7,31.8,8,6,1,1,2.5454545454545454,0.3181818181818182
FRA-Ligue 1,2526,Paris FC,Obed Nkambadio,FRA,GK,23-109,12,12,1080,12.0,21,1.75,44,26,56.8,1,8.3,4,2,1,1,2.1666666666666665,0.08333333333333333
FRA-Ligue 1,2526,Paris Saint-Germain,Lucas Chevalier,FRA,GK,24-202,17,17,1530,17.0,13,0.76,43,32,72.1,9,52.9,3,1,1,1,1.8823529411764706,0.5294117647058824
FRA-Ligue 1,2526,Paris Saint-Germain,Matvei Safonov,RUS,GK,27-091,15,15,1350,15.0,14,0.93,53,40,73.6,8,53.3,1,0,1,0,2.6666666666666665,0.5333333333333333
FRA-Ligue 1,2526,Paris Saint-Germain,Renato Marin,ITA,GK,19-321,2,2,180,2.0,2,1.0,5,3,60.0,1,50.0,0,0,0,0,1.5,0.5
FRA-Ligue 1,2526,Rennes,Brice Samba,FRA,GK,32-032,32,32,2880,32.0,44,1.37,123,84,67.5,10,31.3,6,4,2,0,2.625,0.3125
FRA-Ligue 1,2526,Rennes,Mathys Silestrie,FRA,GK,20-253,2,2,180,2.0,6,3.0,14,8,57.1,0,0.0,0,0,0,0,4.0,0.0
FRA-Ligue 1,2526,Strasbourg,Karl-Johan Johnsson,SWE,GK,36-119,1,1,90,1.0,0,0.0,2,2,100.0,1,100.0,0,0,0,0,2.0,1.0
FRA-Ligue 1,2526,Strasbourg,Mike Penders,BEL,GK,20-300,33,33,2970,33.0,47,1.42,149,107,71.1,8,24.2,5,4,1,0,3.242424242424242,0.24242424242424243
FRA-Ligue 1,2526,Toulouse,Guillaume Restes,FRA,GK,21-077,33,33,2939,32.7,45,1.38,124,84,67.7,9,27.3,5,5,0,0,2.568807339449541,0.2752293577981651
FRA-Ligue 1,2526,Toulouse,Kjetil Haug,NOR,GK,27-349,1,0,31,0.3,1,2.9,2,1,50.0,0,,0,0,0,0,3.3333333333333335,0.0
ITA-Serie A,2526,Atalanta,Marco Carnesecchi,ITA,GK,25-330,37,37,3330,37.0,35,0.95,144,112,77.1,13,35.1,4,2,2,0,3.027027027027027,0.35135135135135137
ITA-Serie A,2526,Atalanta,Marco Sportiello,ITA,GK,34-017,1,1,90,1.0,1,1.0,4,3,75.0,0,0.0,0,0,0,0,3.0,0.0
ITA-Serie A,2526,Bologna,Federico Ravaglia,ITA,GK,26-197,17,16,1470,16.3,29,1.78,79,52,65.8,2,12.5,2,2,0,0,3.1901840490797544,0.12269938650306748
ITA-Serie A,2526,Bologna,Massimo Pessina,ITA,GK,18-153,4,3,353,3.9,2,0.51,9,7,77.8,3,100.0,0,0,0,0,1.794871794871795,0.7692307692307693
ITA-Serie A,2526,Bologna,Łukasz Skorupski,POL,GK,35-022,19,19,1592,17.7,18,1.02,49,33,67.3,8,42.1,2,2,0,0,1.864406779661017,0.4519774011299435
ITA-Serie A,2526,Cagliari,Elia Caprile,ITA,GK,24-275,38,38,3420,38.0,53,1.39,173,121,70.5,8,21.1,2,2,0,0,3.1842105263157894,0.21052631578947367
ITA-Serie A,2526,Como,Jean Butez,FRA,GK,30-353,38,38,3420,38.0,29,0.76,110,86,78.2,19,50.0,6,5,1,0,2.263157894736842,0.5
ITA-Serie A,2526,Cremonese,Emil Audero,IDN,GK,29-129,34,34,3060,34.0,50,1.47,167,123,72.5,11,32.4,6,4,2,0,3.6176470588235294,0.3235294117647059
ITA-Serie A,2526,Cremonese,Marco Silvestri,ITA,GK,35-086,4,4,360,4.0,7,1.75,22,15,68.2,0,0.0,0,0,0,0,3.75,0.0
ITA-Serie A,2526,Fiorentina,David de Gea,ESP,GK,35-201,37,37,3330,37.0,49,1.32,163,119,73.0,10,27.0,6,5,1,0,3.2162162162162162,0.2702702702702703
ITA-Serie A,2526,Fiorentina,Luca Lezzerini,ITA,GK,31-064,1,0,4,0.0,0,0.0,0,0,,0,,0,0,0,0,,
ITA-Serie A,2526,Fiorentina,Oliver Christensen,DEN,GK,27-066,1,1,86,1.0,1,1.05,7,6,85.7,0,0.0,0,0,0,0,6.0,0.0
ITA-Serie A,2526,Genoa,Daniele Sommariva,ITA,GK,28-313,2,1,176,2.0,4,2.05,12,8,66.7,0,0.0,0,0,0,0,4.0,0.0
ITA-Serie A,2526,Genoa,Justin Bijlow,NED,GK,28-125,16,16,1395,15.5,20,1.29,60,45,75.0,5,31.3,5,5,0,0,2.903225806451613,0.3225806451612903
ITA-Serie A,2526,Genoa,Nicola Leali,ITA,GK,33-099,22,21,1847,20.5,28,1.36,84,58,69.0,4,19.0,2,2,0,0,2.8292682926829267,0.1951219512195122
ITA-Serie A,2526,Hellas Verona,Lorenzo Montipò,ITA,GK,30-096,35,35,3150,35.0,54,1.54,137,87,62.0,5,14.3,5,2,3,0,2.4857142857142858,0.14285714285714285
ITA-Serie A,2526,Hellas Verona,Simone Perilli,ITA,GK,31-140,3,3,270,3.0,7,2.33,15,8,53.3,1,33.3,0,0,0,0,2.6666666666666665,0.3333333333333333
ITA-Serie A,2526,Inter,Josep Martinez,ESP,GK,28-000,5,5,450,5.0,4,0.8,14,10,71.4,3,60.0,0,0,0,0,2.0,0.6
ITA-Serie A,2526,Inter,Raffaele Di Gennaro,ITA,GK,32-236,1,0,10,0.1,1,9.0,2,1,50.0,0,,0,0,0,0,10.0,0.0
ITA-Serie A,2526,Inter,Yann Sommer,SUI,GK,37-161,33,33,2960,32.9,30,0.91,91,64,71.4,15,45.5,4,4,0,0,1.9452887537993921,0.45592705167173253
ITA-Serie A,2526,Juventus,Mattia Perin,ITA,GK,33-198,9,9,765,8.5,9,1.06,22,13,59.1,3,33.3,0,0,0,0,1.5294117647058822,0.35294117647058826
ITA-Serie A,2526,Juventus,Michele Di Gregorio,ITA,GK,28-304,30,29,2655,29.5,25,0.85,85,60,71.8,14,48.3,3,1,0,2,2.0338983050847457,0.4745762711864407
ITA-Serie A,2526,Lazio,Alessio Furlanetto,ITA,GK,24-109,2,2,180,2.0,3,1.5,10,7,70.0,0,0.0,0,0,0,0,3.5,0.0
ITA-Serie A,2526,Lazio,Edoardo Motta,ITA,GK,21-134,9,9,810,9.0,10,1.11,31,22,67.7,3,33.3,1,0,1,0,2.4444444444444446,0.3333333333333333
ITA-Serie A,2526,Lazio,Ivan Provedel,ITA,GK,32-071,27,27,2430,27.0,27,1.0,112,87,78.6,12,44.4,4,3,1,0,3.2222222222222223,0.4444444444444444
ITA-Serie A,2526,Lecce,Wladimiro Falcone,ITA,GK,31-045,38,38,3420,38.0,50,1.32,152,108,69.7,10,26.3,6,4,2,0,2.8421052631578947,0.2631578947368421
ITA-Serie A,2526,Milan,Mike Maignan,FRA,GK,30-328,37,37,3295,36.6,35,0.96,134,106,77.6,14,37.8,8,5,2,1,2.8961748633879782,0.3825136612021858
ITA-Serie A,2526,Milan,Pietro Terracciano,ITA,GK,36-080,2,1,125,1.4,0,0.0,4,4,100.0,2,200.0,0,0,0,0,2.857142857142857,1.4285714285714286
ITA-Serie A,2526,Napoli,Alex Meret,ITA,GK,29-066,11,11,979,10.9,12,1.1,31,21,67.7,4,36.4,2,2,0,0,1.926605504587156,0.36697247706422015
ITA-Serie A,2526,Napoli,Nikita Contini Baranovsky,ITA,GK,30-006,1,0,11,0.1,0,0.0,0,0,,1,,0,0,0,0,0.0,10.0
ITA-Serie A,2526,Napoli,Vanja Milinković-Savić,SRB,GK,29-096,27,27,2430,27.0,24,0.89,69,52,72.5,11,40.7,8,5,3,0,1.9259259259259258,0.4074074074074074
ITA-Serie A,2526,Parma,Edoardo Corvi,ITA,GK,25-065,17,17,1530,17.0,18,1.06,60,44,75.0,7,41.2,3,3,0,0,2.588235294117647,0.4117647058823529
ITA-Serie A,2526,Parma,Filippo Rinaldi,ITA,GK,23-174,1,1,90,1.0,0,0.0,4,4,100.0,1,100.0,0,0,0,0,4.0,1.0
ITA-Serie A,2526,Parma,Zion Suzuki,JPN,GK,23-279,20,20,1800,20.0,28,1.4,90,65,71.1,5,25.0,3,2,1,0,3.25,0.25
ITA-Serie A,2526,Pisa,Adrian Šemper,CRO,GK,28-135,25,25,2250,25.0,42,1.68,122,82,67.2,4,16.0,2,2,0,0,3.28,0.16
ITA-Serie A,2526,Pisa,Nícolas Andrade,BRA,GK,38-045,6,6,540,6.0,14,2.33,26,12,46.2,0,0.0,1,0,0,1,2.0,0.0
ITA-Serie A,2526,Pisa,Simone Scuffet,ITA,GK,29-361,7,7,630,7.0,15,2.14,26,14,53.8,1,14.3,3,3,0,0,2.0,0.14285714285714285
ITA-Serie A,2526,Roma,Mile Svilar,SRB,GK,26-273,38,38,3420,38.0,31,0.82,137,107,78.1,18,47.4,1,1,0,0,2.8157894736842106,0.47368421052631576
ITA-Serie A,2526,Sassuolo,Arijanet Muric,KVX,GK,27-201,32,32,2880,32.0,43,1.34,155,118,75.5,6,18.8,6,5,1,0,3.6875,0.1875
ITA-Serie A,2526,Sassuolo,Gioele Zacchi,ITA,GK,22-321,1,0,8,0.1,0,0.0,0,0,,0,,0,0,0,0,0.0,0.0
ITA-Serie A,2526,Sassuolo,Stefano Turati,ITA,GK,24-264,6,6,532,5.9,7,1.18,22,15,68.2,2,33.3,0,0,0,0,2.542372881355932,0.3389830508474576
ITA-Serie A,2526,Torino,Alberto Paleari,ITA,GK,33-271,29,29,2610,29.0,45,1.55,125,82,65.6,9,31.0,2,2,0,0,2.8275862068965516,0.3103448275862069
ITA-Serie A,2526,Torino,Franco Israel,URU,GK,26-035,9,9,810,9.0,18,2.0,40,24,60.0,3,33.3,2,2,0,0,2.6666666666666665,0.3333333333333333
ITA-Serie A,2526,Udinese,Daniele Padelli,ITA,GK,40-214,2,2,180,2.0,2,1.0,4,3,75.0,0,0.0,1,1,0,0,1.5,0.0
ITA-Serie A,2526,Udinese,Maduka Okoye,NGA,GK,26-272,30,30,2616,29.1,37,1.27,111,80,71.2,10,33.3,6,5,1,0,2.7491408934707904,0.3436426116838488
ITA-Serie A,2526,Udinese,Razvan Sava,ROU,GK,23-340,7,6,620,6.9,14,2.03,28,14,50.0,1,16.7,0,0,0,0,2.0289855072463765,0.14492753623188406
,2526,Augsburg,Finn Dahmen,GER,GK,28-061,34,34,3060,34.0,61,1.79,159,105,65.4,5,14.7,7,6,1,0,3.088235294117647,0.14705882352941177
,2526,Bayern Munich,Jonas Urbig,GER,GK,22-292,14,11,1111,12.3,15,1.22,46,32,69.6,6,54.5,2,1,0,1,2.6016260162601625,0.4878048780487805
,2526,Bayern Munich,Manuel Neuer,GER,GK,40-061,22,22,1859,20.7,20,0.97,50,31,62.0,7,31.8,1,1,0,0,1.497584541062802,0.33816425120772947
,2526,Bayern Munich,Sven Ulreich,GER,GK,37-297,1,1,90,1.0,1,1.0,7,6,85.7,0,0.0,0,0,0,0,6.0,0.0
,2526,Dortmund,Gregor Kobel,SUI,GK,28-172,34,34,3060,34.0,34,1.0,117,88,75.2,15,44.1,5,5,0,0,2.588235294117647,0.4411764705882353
,2526,Eintracht Frankfurt,Kauã Santos,BRA,GK,23-046,13,13,1084,12.0,32,2.66,68,37,54.4,2,15.4,1,1,0,0,3.0833333333333335,0.16666666666666666
,2526,Eintracht Frankfurt,Michael Zetterer,GER,GK,30-319,22,21,1976,22.0,33,1.5,93,62,66.7,6,28.6,2,2,0,0,2.8181818181818183,0.2727272727272727
,2526,Freiburg,Noah Atubolu,GER,GK,24-002,34,34,3060,34.0,57,1.68,156,100,63.5,6,17.6,1,0,1,0,2.9411764705882355,0.17647058823529413
,2526,Gladbach,Moritz Nicolas,GER,GK,28-218,34,34,3060,34.0,53,1.56,184,136,73.9,13,38.2,5,5,0,0,4.0,0.38235294117647056
,2526,Hamburger SV,Daniel Heuer Fernandes,POR,GK,33-195,33,33,2970,33.0,53,1.61,150,105,68.7,6,18.2,10,6,2,2,3.1818181818181817,0.18181818181818182
,2526,Hamburger SV,Sander Tangvik,NOR,GK,23-179,1,1,90,1.0,1,1.0,6,6,83.3,0,0.0,1,0,1,0,6.0,0.0
,2526,Heidenheim,Diant Ramaj,GER,GK,24-250,31,31,2790,31.0,67,2.16,162,100,61.7,1,3.2,6,5,0,1,3.225806451612903,0.03225806451612903
,2526,Heidenheim,Frank Feller,GER,GK,22-140,3,3,270,3.0,5,1.67,20,15,75.0,0,0.0,0,0,0,0,5.0,0.0
,2526,Hoffenheim,Oliver Baumann,GER,GK,35-359,34,34,3060,34.0,52,1.53,145,98,67.6,7,20.6,7,5,0,2,2.8823529411764706,0.20588235294117646
,2526,Köln,Marvin Schwäbe,GER,GK,31-032,34,34,3060,34.0,63,1.85,148,92,60.8,3,8.8,7,5,2,0,2.7058823529411766,0.08823529411764706
,2526,Leverkusen,Janis Blaswich,GER,GK,35-025,11,10,931,10.3,9,0.87,50,41,82.0,3,30.0,0,0,0,0,3.9805825242718442,0.2912621359223301
,2526,Leverkusen,Mark Flekken,NED,GK,32-348,24,24,2129,23.7,38,1.61,110,79,71.8,5,20.8,7,7,0,0,3.3333333333333335,0.2109704641350211
,2526,Mainz 05,Daniel Batz,GER,GK,35-135,21,21,1890,21.0,27,1.29,96,70,72.9,4,19.0,1,1,0,0,3.3333333333333335,0.19047619047619047
,2526,Mainz 05,Lasse Rieß,GER,GK,24-304,4,3,292,3.2,12,3.7,26,15,57.7,0,0.0,1,1,0,0,4.6875,0.0
,2526,Mainz 05,Robin Zentner,GER,GK,31-211,10,10,876,9.7,14,1.44,45,31,68.9,0,0.0,0,0,0,0,3.195876288659794,0.0
,2526,RB Leipzig,Maarten Vandevoordt,BEL,GK,24-090,12,11,1052,11.7,15,1.28,44,30,65.9,2,18.2,1,0,1,0,2.5641025641025643,0.17094017094017094
,2526,RB Leipzig,Péter Gulácsi,HUN,GK,36-021,23,23,2008,22.3,32,1.43,83,52,63.9,9,39.1,2,2,0,0,2.3318385650224216,0.40358744394618834
,2526,St Pauli,Nikola Vasilj,BIH,GK,30-176,34,34,3060,34.0,60,1.76,178,123,68.0,5,14.7,6,3,2,1,3.6176470588235294,0.14705882352941177
,2526,Stuttgart,Alexander Nübel,GER,GK,29-239,34,34,3060,34.0,49,1.44,147,107,72.8,11,32.4,10,9,1,0,3.1470588235294117,0.3235294117647059
,2526,Union Berlin,Carl Klaus,GER,GK,32-131,4,3,330,3.7,4,1.09,13,9,69.2,1,33.3,0,0,0,0,2.4324324324324325,0.27027027027027023
,2526,Union Berlin,Frederik Rønnow,DEN,GK,33-296,30,30,2640,29.3,54,1.84,125,75,61.6,5,16.7,6,6,0,0,2.5597269624573378,0.1706484641638225
,2526,Union Berlin,Matheo Raab,GER,GK,27-160,1,1,90,1.0,0,0.0,6,6,100.0,1,100.0,0,0,0,0,6.0,1.0
,2526,Werder Bremen,Karl Jakob Hein,EST,GK,24-044,2,2,180,2.0,4,2.0,14,11,78.6,1,50.0,1,1,0,0,5.5,0.5
,2526,Werder Bremen,Mio Backhaus,GER,GK,22-041,32,32,2880,32.0,56,1.75,151,100,66.2,5,15.6,5,5,0,0,3.125,0.15625
,2526,Wolfsburg,Kamil Grabara,POL,GK,27-139,34,34,3060,34.0,69,2.03,179,120,65.4,2,5.9,12,7,3,2,3.5294117647058822,0.058823529411764705
