fifa_name,fifa_team,fifa_position,reason,best_candidate,fbref_club
Mehdi Dorval,Algeria,DEF,best score 60 < 85,Mehdi Léris,Pisa
Zinéddine Belaïd,Algeria,DEF,best score 52 < 85,Badredine Bouanani,Nice
Sohaib Nair,Algeria,DEF,best score 52 < 85,Fares Chaïbi,Eintracht Frankfurt
Achref Abada,Algeria,DEF,best score 55 < 85,Abde Rebbach,Alavés
Riyad Mahrez,Algeria,MID,best score 53 < 85,Rachid Ghezzal,Lyon
Anis Hadj Moussa,Algeria,FWD,best score 55 < 85,Yanis Zouaoui,Le Havre
Farès Ghedjemis,Algeria,FWD,best score 59 < 85,Fares Chaïbi,Eintracht Frankfurt
Ahmed Benbouali,Algeria,FWD,best score 60 < 85,Ramy Bensebaini,Dortmund
Amin Chiakha,Algeria,FWD,best score 56 < 85,Samir Chergui,Paris FC
Adil Boulbina,Algeria,MID,best score 58 < 85,Badredine Bouanani,Nice
Yacine Titraoui,Algeria,MID,best score 60 < 85,Rayan Aït-Nouri,Manchester City
Ramiz Zerrouki,Algeria,MID,best score 59 < 85,Samir Chergui,Paris FC
Adil Aouchiche,Algeria,MID,best score 52 < 85,Hicham Boudaoui,Nice
Houssem Aouar,Algeria,MID,best score 51 < 85,Mohamed Amoura,Wolfsburg
Nicolás Otamendi,Argentina,DEF,best score 73 < 85,Nicolás Paz,Como
Marcos Acuña,Argentina,DEF,best score 64 < 85,Marcos Senesi,Bournemouth
Gabriel Rojas,Argentina,DEF,best score 46 < 85,Nahuel Molina,Atlético Madrid
Agustín Giay,Argentina,DEF,best score 56 < 85,Martín Payero,Cremonese
Lionel Messi,Argentina,FWD,best score 50 < 85,Giovani Lo Celso,Real Betis
Gianluca Prestianni,Argentina,MID,best score 56 < 85,Lucas Beltrán,Valencia
José Manuel López,Argentina,FWD,best score 55 < 85,Nahuel Estévez,Parma
Leandro Paredes,Argentina,MID,best score 62 < 85,Lisandro Martínez,Manchester Utd
Rodrigo De Paul,Argentina,MID,best score 50 < 85,Guido Rodríguez,West Ham United
Nico Paz,Argentina,MID,best score 84 < 85,Nicolás Paz,Como
Jordan Bos,Australia,DEF,best score 36 < 85,Mathew Ryan,Levante
Kye Rowles,Australia,DEF,best score 38 < 85,Alessandro Circati,Parma
Cameron Burgess,Australia,DEF,best score 41 < 85,Jackson Irvine,St Pauli
Milos Degenek,Australia,DEF,best score 29 < 85,Jackson Irvine,St Pauli
Aziz Behich,Australia,DEF,best score 32 < 85,Alessandro Circati,Parma
Jason Geria,Australia,DEF,best score 64 < 85,Jackson Irvine,St Pauli
Fran Karacic,Australia,DEF,best score 45 < 85,Alessandro Circati,Parma
Kai Trewin,Australia,DEF,best score 47 < 85,Mathew Ryan,Levante
Lucas Herrington,Australia,DEF,best score 40 < 85,Jackson Irvine,St Pauli
Nestory Irankunda,Australia,FWD,best score 40 < 85,Mathew Ryan,Levante
Martin Boyle,Australia,FWD,best score 43 < 85,Mathew Ryan,Levante
Nishan Velupillay,Australia,FWD,best score 34 < 85,Alessandro Circati,Parma
Deni Juric,Australia,FWD,best score 36 < 85,Alessandro Circati,Parma
Jacob Italiano,Australia,DEF,best score 57 < 85,Jackson Irvine,St Pauli
Ante Suto,Australia,FWD,best score 47 < 85,Jackson Irvine,St Pauli
Paul Okon,Australia,MID,best score 45 < 85,Jackson Irvine,St Pauli
Patrick Yazbek,Australia,MID,best score 40 < 85,Mathew Ryan,Levante
Alex Robertson,Australia,MID,best score 43 < 85,Alessandro Circati,Parma
Aiden O'Neill,Australia,MID,best score 37 < 85,Jackson Irvine,St Pauli
Awer Mabil,Australia,MID,best score 45 < 85,Connor Metcalfe,St Pauli
Ajdin Hrustic,Australia,MID,best score 38 < 85,Alessandro Circati,Parma
Riley McGree,Australia,MID,best score 41 < 85,Mathew Ryan,Levante
Michael Svoboda,Austria,DEF,best score 60 < 85,Michael Gregoritsch,Augsburg
Marko Arnautovic,Austria,FWD,best score 51 < 85,Marco Grüll,Werder Bremen
Alessandro Schöpf,Austria,MID,best score 56 < 85,Alexander Prass,Hoffenheim
Florian Grillitsch,Austria,MID,best score 66 < 85,Florian Kainz,Köln
Paul Wanner,Austria,MID,best score 51 < 85,Christoph Baumgartner,RB Leipzig
Zeno Debast,Belgium,DEF,best score 52 < 85,Sebastiaan Bornauw,Leeds United
Brandon Mechele,Belgium,DEF,best score 46 < 85,Leander Dendoncker,Oviedo
Joaquin Seys,Belgium,DEF,best score 49 < 85,Sebastiaan Bornauw,Leeds United
Nicolas Raskin,Belgium,MID,best score 46 < 85,Matias Fernandez-Pardo,Lille
Amar Dedic,Bosnia-Herzegovina,DEF,best score 51 < 85,Tarik Muharemovic,Sassuolo
Nikola Katic,Bosnia-Herzegovina,DEF,best score 72 < 85,Nikola Vasilj,St Pauli
Stjepan Radeljic,Bosnia-Herzegovina,DEF,best score 46 < 85,Sead Kolašinac,Atalanta
Nihad Mujakic,Bosnia-Herzegovina,DEF,best score 50 < 85,Milan Đurić,Cremonese
Jovo Lukic,Bosnia-Herzegovina,FWD,best score 51 < 85,Tarik Muharemovic,Sassuolo
Esmir Bajraktarevic,Bosnia-Herzegovina,FWD,best score 50 < 85,Tarik Muharemovic,Sassuolo
Samed Bazdar,Bosnia-Herzegovina,FWD,best score 46 < 85,Sead Kolašinac,Atalanta
Kerim Alajbegovic,Bosnia-Herzegovina,FWD,best score 56 < 85,Haris Tabakovic,Gladbach
Amar Memic,Bosnia-Herzegovina,MID,best score 60 < 85,Tarik Muharemovic,Sassuolo
Dzenis Burnic,Bosnia-Herzegovina,MID,best score 66 < 85,Denis Huseinbasic,Köln
Ivan Sunjic,Bosnia-Herzegovina,MID,best score 63 < 85,Milan Đurić,Cremonese
Armin Gigovic,Bosnia-Herzegovina,MID,best score 66 < 85,Ermedin Demirović,Stuttgart
Ivan Basic,Bosnia-Herzegovina,MID,best score 74 < 85,Denis Huseinbasic,Köln
Benjamin Tahirovic,Bosnia-Herzegovina,MID,best score 62 < 85,Ermedin Demirović,Stuttgart
Amir Hadziahmetovic,Bosnia-Herzegovina,MID,best score 55 < 85,Tarik Muharemovic,Sassuolo
Ibañez,Brazil,DEF,best score 61 < 85,Giovane,Hellas Verona
Danilo,Brazil,DEF,best score 75 < 85,Evanilson,Bournemouth
Douglas Santos,Brazil,DEF,best score 72 < 85,Kauã Santos,Eintracht Frankfurt
Léo Pereira,Brazil,DEF,best score 58 < 85,Lorran,Pisa
Fabinho,Brazil,MID,best score 58 < 85,Marquinhos,Paris Saint-Germain
Danilo,Brazil,MID,best score 75 < 85,Evanilson,Bournemouth
João Paulo,Cape Verde,MID,best score 45 < 85,Logan Costa,Villarreal
Yannick Semedo,Cape Verde,MID,best score 31 < 85,Logan Costa,Villarreal
Kevin Pina,Cape Verde,MID,best score 28 < 85,Logan Costa,Villarreal
Steven Moreira,Cape Verde,DEF,best score 31 < 85,Logan Costa,Villarreal
Wagner Pina,Cape Verde,DEF,best score 36 < 85,Logan Costa,Villarreal
Pico,Cape Verde,DEF,best score 57 < 85,Logan Costa,Villarreal
Kelvin Pires,Cape Verde,DEF,best score 34 < 85,Logan Costa,Villarreal
Sidny Cabral,Cape Verde,DEF,best score 34 < 85,Logan Costa,Villarreal
Diney,Cape Verde,DEF,best score 28 < 85,Logan Costa,Villarreal
Ryan Mendes,Cape Verde,FWD,best score 36 < 85,Logan Costa,Villarreal
Jovane Cabral,Cape Verde,FWD,best score 50 < 85,Logan Costa,Villarreal
Dailon Livramento,Cape Verde,FWD,best score 40 < 85,Logan Costa,Villarreal
Nuno da Costa,Cape Verde,FWD,best score 66 < 85,Logan Costa,Villarreal
Garry Rodrigues,Cape Verde,FWD,best score 38 < 85,Logan Costa,Villarreal
Willy Semedo,Cape Verde,FWD,best score 26 < 85,Logan Costa,Villarreal
Telmo Arcanjo,Cape Verde,MID,best score 41 < 85,Logan Costa,Villarreal
Deroy Duarte,Cape Verde,MID,best score 26 < 85,Logan Costa,Villarreal
Laros Duarte,Cape Verde,MID,best score 43 < 85,Logan Costa,Villarreal
Richie Laryea,Canada,DEF,best score 45 < 85,Theo Bair,Auxerre
Joel Waterman,Canada,DEF,best score 49 < 85,Tani Oluwaseyi,Villarreal
Luc De Fougerolles,Canada,DEF,best score 44 < 85,Jacen Russell-Rowe,Toulouse
Cyle Larin,Canada,FWD,best score 42 < 85,Jacen Russell-Rowe,Toulouse
Liam Millar,Canada,FWD,best score 34 < 85,Jacen Russell-Rowe,Toulouse
Daniel Jebbison,Canada,FWD,best score 50 < 85,Moïse Bombito,Nice
Ali Ahmed,Canada,MID,best score 43 < 85,Tani Oluwaseyi,Villarreal
Ralph Priso,Canada,MID,best score 53 < 85,Alphonso Davies,Bayern Munich
Niko Sigur,Canada,MID,best score 42 < 85,Theo Bair,Auxerre
Nathan Saliba,Canada,MID,best score 66 < 85,Jonathan David,Juventus
Mathieu Choinière,Canada,MID,best score 50 < 85,Ismaël Koné,Sassuolo
Jonathan Osorio,Canada,MID,best score 69 < 85,Jonathan David,Juventus
Marcelo Flores,Canada,MID,best score 56 < 85,Ismaël Koné,Sassuolo
Kevin Castaño,Colombia,MID,best score 48 < 85,Duván Zapata,Torino
Richard Ríos,Colombia,MID,best score 46 < 85,Deiver Machado,Lens
Dávinson Sánchez,Colombia,DEF,best score 48 < 85,Nelson Deossa,Real Betis
Santiago Arias,Colombia,DEF,best score 63 < 85,Jhon Arias,Wolves
Jhon Córdoba,Colombia,FWD,best score 63 < 85,Jhon Arias,Wolves
Luis Suárez,Colombia,FWD,best score 70 < 85,Luis Díaz,Bayern Munich
Andrés Gómez,Colombia,FWD,best score 50 < 85,Daniel Muñoz,Crystal Palace
Gustavo Puerta,Colombia,MID,best score 48 < 85,Yerson Mosquera,Wolves
Jaminton Campaz,Colombia,MID,best score 50 < 85,Juan Cuadrado,Pisa
James Rodríguez,Colombia,MID,best score 44 < 85,Juan Arizala,Udinese
Jorge Carrascal,Colombia,MID,best score 56 < 85,Jhon Arias,Wolves
Aaron Wan-Bissaka,Congo DR,DEF,no FBref players from this country,,
Arthur Masuaku,Congo DR,DEF,no FBref players from this country,,
Chancel Mbemba,Congo DR,DEF,no FBref players from this country,,
Axel Tuanzebe,Congo DR,DEF,no FBref players from this country,,
Joris Kayembe,Congo DR,DEF,no FBref players from this country,,
Dylan Batubinsika,Congo DR,DEF,no FBref players from this country,,
Steve Kapuadi,Congo DR,DEF,no FBref players from this country,,
Yoane Wissa,Congo DR,FWD,no FBref players from this country,,
Simon Banza,Congo DR,FWD,no FBref players from this country,,
Cédric Bakambu,Congo DR,FWD,no FBref players from this country,,
Meschack Elia,Congo DR,FWD,no FBref players from this country,,
Fiston Mayele,Congo DR,FWD,no FBref players from this country,,
Nathanaël Mbuku,Congo DR,FWD,no FBref players from this country,,
Brian Cipenga,Congo DR,FWD,no FBref players from this country,,
Ngal'ayel Mukau,Congo DR,MID,no FBref players from this country,,
Samuel Moutoussamy,Congo DR,MID,no FBref players from this country,,
Noah Sadiki,Congo DR,MID,no FBref players from this country,,
Charles Pickel,Congo DR,MID,no FBref players from this country,,
Edo Kayembe,Congo DR,MID,no FBref players from this country,,
Théo Bongonda,Congo DR,MID,no FBref players from this country,,
Christ Inao Oulaï,Ivory Coast,MID,best score 72 < 85,Christian Kouamé,Fiorentina
Evan Ndicka,Ivory Coast,DEF,best score 66 < 85,Obite N'Dicka,Roma
Wilfried Singo,Ivory Coast,DEF,best score 48 < 85,Ibrahim Sangaré,Nottingham Forest
Ousmane Diomande,Ivory Coast,DEF,best score 78 < 85,Yan Diomandé,RB Leipzig
Ghislain Konan,Ivory Coast,DEF,best score 60 < 85,Christian Kouamé,Fiorentina
Parfait Guiagon,Ivory Coast,MID,best score 51 < 85,Martial Godo,Strasbourg
Jean Michaël Seri,Ivory Coast,MID,best score 53 < 85,Eric Bailly,Oviedo
Franck Kessie,Ivory Coast,MID,best score 47 < 85,Seko Fofana,Rennes
Josip Sutalo,Croatia,DEF,best score 72 < 85,Josip Brekalo,Oviedo
Martin Erlic,Croatia,DEF,best score 69 < 85,Marin Ljubicic,Union Berlin
Ivan Perisic,Croatia,FWD,best score 66 < 85,Ivan Smolčić,Como
Petar Musa,Croatia,FWD,best score 66 < 85,Petar Sucic,Inter
Toni Fruk,Croatia,MID,best score 47 < 85,Luka Modrić,Milan
Tahith Chong,Curacao,MID,no FBref players from this country,,
Godfried Roemeratoe,Curacao,MID,no FBref players from this country,,
Leandro Bacuna,Curacao,DEF,no FBref players from this country,,
Riechedly Bazoer,Curacao,DEF,no FBref players from this country,,
Joshua Brenet,Curacao,DEF,no FBref players from this country,,
Shurandy Sambo,Curacao,DEF,no FBref players from this country,,
Sherel Floranus,Curacao,DEF,no FBref players from this country,,
Roshon van Eijma,Curacao,DEF,no FBref players from this country,,
Ar'Jany Martha,Curacao,DEF,no FBref players from this country,,
Juriën Gaari,Curacao,DEF,no FBref players from this country,,
Livano Comenencia,Curacao,DEF,no FBref players from this country,,
Tyrese Noslin,Curacao,DEF,no FBref players from this country,,
Brandley Kuwas,Curacao,FWD,no FBref players from this country,,
Sontje Hansen,Curacao,FWD,no FBref players from this country,,
Kenji Gorré,Curacao,FWD,no FBref players from this country,,
Jearl Margaritha,Curacao,FWD,no FBref players from this country,,
Gervane Kastaneer,Curacao,FWD,no FBref players from this country,,
Jeremy Antonisse,Curacao,FWD,no FBref players from this country,,
Kevin Felida,Curacao,MID,no FBref players from this country,,
Juninho Bacuna,Curacao,MID,no FBref players from this country,,
Denis Visinsky,Czechia,MID,best score 57 < 85,Antonín Kinský,Tottenham Hotspur
Tomás Holes,Czechia,DEF,best score 69 < 85,Tomáš Souček,West Ham United
David Jurásek,Czechia,DEF,best score 48 < 85,Adam Karabec,Lyon
Jaroslav Zeleny,Czechia,DEF,best score 59 < 85,Václav Černý,Wolfsburg
Stepán Chaloupek,Czechia,DEF,best score 51 < 85,Adam Hložek,Hoffenheim
Tomás Chory,Czechia,FWD,best score 60 < 85,Tomáš Souček,West Ham United
Mojmír Chytil,Czechia,FWD,best score 42 < 85,Vladimír Coufal,Hoffenheim
Tomás Ladra,Czechia,FWD,best score 59 < 85,Tomáš Souček,West Ham United
Lukás Cerv,Czechia,MID,best score 54 < 85,Václav Černý,Wolfsburg
Vladimír Darida,Czechia,MID,best score 66 < 85,Vladimír Coufal,Hoffenheim
Pavel Bucha,Czechia,MID,best score 76 < 85,Pavel Šulc,Lyon
Michal Sadílek,Czechia,MID,best score 50 < 85,Alex Král,Union Berlin
Lukás Provod,Czechia,MID,best score 41 < 85,Louis Buffon,Pisa
Denil Castillo,Ecuador,MID,best score 51 < 85,Nilson Angulo,Sunderland
Jordy Alcívar,Ecuador,MID,best score 51 < 85,Jeremy Arévalo,Stuttgart
Ángelo Preciado,Ecuador,DEF,best score 54 < 85,Nilson Angulo,Sunderland
Joel Ordóñez,Ecuador,DEF,best score 38 < 85,Piero Hincapié,Arsenal
Félix Torres,Ecuador,DEF,best score 36 < 85,Moisés Caicedo,Chelsea
José Hurtado,Ecuador,DEF,best score 53 < 85,Moisés Caicedo,Chelsea
Jackson Porozo,Ecuador,DEF,best score 40 < 85,Kendry Páez,Strasbourg
Yaimar Medina,Ecuador,DEF,best score 44 < 85,Piero Hincapié,Arsenal
Enner Valencia,Ecuador,FWD,best score 50 < 85,Alexander Legendre,Rennes
Gonzalo Plata,Ecuador,FWD,best score 38 < 85,Nilson Angulo,Sunderland
John Yeboah,Ecuador,MID,best score 38 < 85,Piero Hincapié,Arsenal
Kevin Rodríguez,Ecuador,FWD,best score 53 < 85,Kendry Páez,Strasbourg
Alan Minda,Ecuador,FWD,best score 52 < 85,Alexander Legendre,Rennes
Jordy Caicedo,Ecuador,FWD,best score 66 < 85,Moisés Caicedo,Chelsea
John Mercado,Ecuador,FWD,best score 46 < 85,Moisés Caicedo,Chelsea
Anthony Valencia,Ecuador,MID,best score 45 < 85,Willian Pacho,Paris Saint-Germain
Alan Franco,Ecuador,MID,best score 58 < 85,Willian Pacho,Paris Saint-Germain
Pedro Vite,Ecuador,MID,best score 60 < 85,Pervis Estupiñán,Milan
Marwan Attia,Egypt,MID,best score 43 < 85,Haissem Hassan,Oviedo
Zizo,Egypt,MID,best score 36 < 85,Omar Marmoush,Manchester City
Hamdi Fathy,Egypt,MID,best score 58 < 85,Mohamed Salah,Liverpool
Emam Ashour,Egypt,MID,best score 50 < 85,Mohamed Salah,Liverpool
Mahmoud Saber,Egypt,MID,best score 58 < 85,Omar Marmoush,Manchester City
Mohamed Abdelmonem,Egypt,DEF,best score 66 < 85,Mohamed Salah,Liverpool
Ahmed Fatouh,Egypt,DEF,best score 56 < 85,Mohamed Salah,Liverpool
Mohamed Hany,Egypt,DEF,best score 72 < 85,Mohamed Salah,Liverpool
Ramy Rabia,Egypt,DEF,best score 43 < 85,Mohamed Salah,Liverpool
Hossam Abdelmaguid,Egypt,DEF,best score 47 < 85,Haissem Hassan,Oviedo
Tarek Alaa,Egypt,DEF,best score 52 < 85,Mohamed Salah,Liverpool
Yasser Ibrahim,Egypt,DEF,best score 47 < 85,Haissem Hassan,Oviedo
Trezeguet,Egypt,FWD,best score 19 < 85,Mostafa Mohamed,Nantes
Mohanad Lasheen,Egypt,MID,best score 64 < 85,Mohamed Salah,Liverpool
Ibrahim Adel,Egypt,MID,best score 40 < 85,Mohamed Salah,Liverpool
Theo Hernández,France,DEF,best score 74 < 85,Lucas Hernández,Paris Saint-Germain
N'Golo Kanté,France,MID,best score 59 < 85,Mohamadou Kanté,West Ham United
Leroy Sané,Germany,MID,best score 57 < 85,Otto Stange,Hamburger SV
Woodensky Pierre,Haiti,MID,best score 41 < 85,Wilson Isidor,Sunderland
Leverton Pierre,Haiti,MID,best score 42 < 85,Wilson Isidor,Sunderland
Carl Sainté,Haiti,MID,best score 50 < 85,Carlens Arcus,Angers
Danley Jean Jacques,Haiti,MID,best score 56 < 85,Carlens Arcus,Angers
Jean-Kévin Duverne,Haiti,DEF,best score 55 < 85,Jean-Ricner Bellegarde,Wolves
Hannes Delcroix,Haiti,DEF,best score 43 < 85,Jean-Ricner Bellegarde,Wolves
Ricardo Adé,Haiti,DEF,best score 49 < 85,Jean-Ricner Bellegarde,Wolves
Martin Expérience,Haiti,DEF,best score 46 < 85,Jean-Ricner Bellegarde,Wolves
Wilguens Paugain,Haiti,DEF,best score 48 < 85,Carlens Arcus,Angers
Duke Lacroix,Haiti,DEF,best score 42 < 85,Jean-Ricner Bellegarde,Wolves
Duckens Nazon,Haiti,FWD,best score 46 < 85,Carlens Arcus,Angers
Frantzdy Pierrot,Haiti,FWD,best score 31 < 85,Jean-Ricner Bellegarde,Wolves
Derrick Etienne,Haiti,FWD,best score 43 < 85,Jean-Ricner Bellegarde,Wolves
Louicius Deedson,Haiti,FWD,best score 41 < 85,Wilson Isidor,Sunderland
Yassin Fortuné,Haiti,FWD,best score 37 < 85,Jean-Ricner Bellegarde,Wolves
Ruben Providence,Haiti,FWD,best score 41 < 85,Carlens Arcus,Angers
Amir Mohammad Razzaghinia,IR Iran,MID,no FBref players from this country,,
Hadi Habibinejad,IR Iran,MID,no FBref players from this country,,
Mohammad Ghorbani,IR Iran,MID,no FBref players from this country,,
Ramin Rezaeian,IR Iran,DEF,no FBref players from this country,,
Hossein Kanani,IR Iran,DEF,no FBref players from this country,,
Milad Mohammadi,IR Iran,DEF,no FBref players from this country,,
Shoja Khalilzadeh,IR Iran,DEF,no FBref players from this country,,
Ehsan Hajisafi,IR Iran,DEF,no FBref players from this country,,
Saleh Hardani,IR Iran,DEF,no FBref players from this country,,
Ali Nemati,IR Iran,DEF,no FBref players from this country,,
Aria Yousefi,IR Iran,DEF,no FBref players from this country,,
Danial Eiri,IR Iran,DEF,no FBref players from this country,,
Mehdi Taremi,IR Iran,FWD,no FBref players from this country,,
Alireza Jahanbakhsh,IR Iran,FWD,no FBref players from this country,,
Saman Ghoddos,IR Iran,FWD,no FBref players from this country,,
Ali Alipour,IR Iran,FWD,no FBref players from this country,,
Dennis Dargahi,IR Iran,FWD,no FBref players from this country,,
Amirhossein Hosseinzadeh,IR Iran,FWD,no FBref players from this country,,
Amirhossein Mahmoudi,IR Iran,FWD,no FBref players from this country,,
Omid Noorafkan,IR Iran,MID,no FBref players from this country,,
Mehdi Torabi,IR Iran,MID,no FBref players from this country,,
Saeid Ezatolahi,IR Iran,MID,no FBref players from this country,,
Mohammad Mohebi,IR Iran,MID,no FBref players from this country,,
Mehdi Ghayedi,IR Iran,MID,no FBref players from this country,,
Zaid Ismael,Iraq,MID,no FBref players from this country,,
Marko Farji,Iraq,MID,no FBref players from this country,,
Hasan Abdulkareem,Iraq,MID,no FBref players from this country,,
Peter Gwargis,Iraq,MID,no FBref players from this country,,
Kevin Yakob,Iraq,MID,no FBref players from this country,,
Amir Al Ammari,Iraq,MID,no FBref players from this country,,
Aimar Sher,Iraq,MID,no FBref players from this country,,
Merchas Doski,Iraq,DEF,no FBref players from this country,,
Frans Putros,Iraq,DEF,no FBref players from this country,,
Rebin Sulaka,Iraq,DEF,no FBref players from this country,,
Maytham Jabbar,Iraq,DEF,no FBref players from this country,,
Hussein Ali,Iraq,DEF,no FBref players from this country,,
Zaid Tahseen,Iraq,DEF,no FBref players from this country,,
Munaf Younus,Iraq,DEF,no FBref players from this country,,
Akam Hashim,Iraq,DEF,no FBref players from this country,,
Ahmed Maknzi,Iraq,DEF,no FBref players from this country,,
Aymen Hussein,Iraq,FWD,no FBref players from this country,,
Mohanad Ali,Iraq,FWD,no FBref players from this country,,
Ali Jasim,Iraq,FWD,no FBref players from this country,,
Ali Al Hamadi,Iraq,FWD,no FBref players from this country,,
Youssef Amyn,Iraq,FWD,no FBref players from this country,,
Ali Yousif,Iraq,FWD,no FBref players from this country,,
Karar Nabeel,Iraq,MID,no FBref players from this country,,
Zidane Iqbal,Iraq,MID,no FBref players from this country,,
Ibrahim Bayesh,Iraq,MID,no FBref players from this country,,
Tsuyoshi Watanabe,Japan,DEF,best score 56 < 85,Ao Tanaka,Leeds United
Shogo Taniguchi,Japan,DEF,best score 58 < 85,Taichi Hara,St Pauli
Junnosuke Suzuki,Japan,DEF,best score 67 < 85,Zion Suzuki,Parma
Junya Ito,Japan,MID,best score 48 < 85,Takumi Minamino,Monaco
Daizen Maeda,Japan,MID,best score 64 < 85,Daichi Kamada,Crystal Palace
Keito Nakamura,Japan,MID,best score 60 < 85,Ao Tanaka,Leeds United
Ayase Ueda,Japan,FWD,best score 47 < 85,Wataru Endo,Liverpool
Koki Ogawa,Japan,FWD,best score 63 < 85,Koki Machida,Hoffenheim
Keisuke Goto,Japan,FWD,best score 52 < 85,Kaishu Sano,Mainz 05
Yousef Qashi,Jordan,MID,best score 37 < 85,Musa Al-Taamari,Rennes
Ibrahim Sadeh,Jordan,MID,best score 33 < 85,Musa Al-Taamari,Rennes
Mohammad Al Daoud,Jordan,MID,best score 41 < 85,Musa Al-Taamari,Rennes
Noor Al Rawabdeh,Jordan,MID,best score 32 < 85,Musa Al-Taamari,Rennes
Nizar Al Rashdan,Jordan,MID,best score 42 < 85,Musa Al-Taamari,Rennes
Yazan Al Arab,Jordan,DEF,best score 42 < 85,Musa Al-Taamari,Rennes
Abdallah Nasib,Jordan,DEF,best score 41 < 85,Musa Al-Taamari,Rennes
Mohannad Abu Taha,Jordan,DEF,best score 43 < 85,Musa Al-Taamari,Rennes
Mohammad Abu Hasheesh,Jordan,DEF,best score 31 < 85,Musa Al-Taamari,Rennes
Husam Abu Al Dahab,Jordan,DEF,best score 48 < 85,Musa Al-Taamari,Rennes
Mohammad Taha,Jordan,DEF,best score 42 < 85,Musa Al-Taamari,Rennes
Ahmad Assaf,Jordan,DEF,best score 43 < 85,Musa Al-Taamari,Rennes
Saleem Obaid,Jordan,DEF,best score 44 < 85,Musa Al-Taamari,Rennes
Mohammad Abu Al Nadi,Jordan,DEF,best score 40 < 85,Musa Al-Taamari,Rennes
Amer Jamous,Jordan,DEF,best score 51 < 85,Musa Al-Taamari,Rennes
Mohammad Abu Zraiq,Jordan,FWD,best score 36 < 85,Musa Al-Taamari,Rennes
Mahmoud Al Mardi,Jordan,FWD,best score 58 < 85,Musa Al-Taamari,Rennes
Ibrahim Sabra,Jordan,FWD,best score 33 < 85,Musa Al-Taamari,Rennes
Ali Azaizeh,Jordan,FWD,best score 38 < 85,Musa Al-Taamari,Rennes
Odeh Fakhoury,Jordan,FWD,best score 21 < 85,Musa Al-Taamari,Rennes
Park Jin-Seob,South Korea,MID,best score 50 < 85,Kim Min-jae,Bayern Munich
Kim Jin-Gyu,South Korea,MID,best score 63 < 85,Kim Min-jae,Bayern Munich
Seol Young-Woo,South Korea,DEF,best score 48 < 85,Jeong Woo-yeong,Union Berlin
Cho Yu-Min,South Korea,DEF,best score 52 < 85,Hong Hyunseok,Nantes
Kim Moon-Hwan,South Korea,DEF,best score 66 < 85,Kim Min-jae,Bayern Munich
Lee Han-Beom,South Korea,DEF,best score 60 < 85,Lee Kang-in,Paris Saint-Germain
Lee Tae-Seok,South Korea,DEF,best score 66 < 85,Lee Jae-sung,Mainz 05
Kim Tae-Hyeon,South Korea,DEF,best score 50 < 85,Kim Min-jae,Bayern Munich
Son Heung-Min,South Korea,FWD,best score 50 < 85,Lee Kang-in,Paris Saint-Germain
Cho Gue-Sung,South Korea,FWD,best score 58 < 85,Lee Jae-sung,Mainz 05
Oh Hyeon-Gyu,South Korea,FWD,best score 64 < 85,Kwon Hyeokkyu,Nantes
Yang Hyun-Jun,South Korea,FWD,best score 53 < 85,Hong Hyunseok,Nantes
Eom Ji-Sung,South Korea,FWD,best score 69 < 85,Lee Jae-sung,Mainz 05
Paik Seung-Ho,South Korea,MID,best score 40 < 85,Lee Jae-sung,Mainz 05
Bae Jun-Ho,South Korea,MID,best score 45 < 85,Lee Jae-sung,Mainz 05
César Montes,Mexico,DEF,best score 42 < 85,Santiago Giménez,Milan
Jesús Gallardo,Mexico,DEF,best score 42 < 85,Álvaro Fidalgo,Real Betis
Jorge Sánchez,Mexico,DEF,best score 46 < 85,Johan Vásquez,Genoa
Israel Reyes,Mexico,DEF,best score 50 < 85,Raúl Jiménez,Fulham
Jesús Angulo,Mexico,DEF,best score 38 < 85,Johan Vásquez,Genoa
Richard Ledezma,Mexico,DEF,best score 44 < 85,Raúl Jiménez,Fulham
Everardo López,Mexico,DEF,best score 50 < 85,Álvaro Fidalgo,Real Betis
Germán Berterame,Mexico,FWD,best score 37 < 85,Santiago Giménez,Milan
Julián Quiñones,Mexico,FWD,best score 50 < 85,Johan Vásquez,Genoa
Alexis Vega,Mexico,FWD,best score 45 < 85,Obed Vargas,Atlético Madrid
Roberto Alvarado,Mexico,FWD,best score 59 < 85,Obed Vargas,Atlético Madrid
Guillermo Martínez,Mexico,FWD,best score 50 < 85,Raúl Jiménez,Fulham
Armando González,Mexico,FWD,best score 50 < 85,Santiago Giménez,Milan
Brian Gutiérrez,Mexico,MID,best score 51 < 85,Raúl Jiménez,Fulham
Érik Lira,Mexico,MID,best score 40 < 85,Obed Vargas,Atlético Madrid
Carlos Rodríguez,Mexico,MID,best score 42 < 85,Raúl Jiménez,Fulham
Érick Sánchez,Mexico,MID,best score 40 < 85,Raúl Jiménez,Fulham
Orbelín Pineda,Mexico,MID,best score 46 < 85,Raúl Jiménez,Fulham
Oussama Targhalline,Morocco,MID,best score 56 < 85,Oussama El Azzouzi,Auxerre
Souffian El Karouani,Morocco,DEF,best score 64 < 85,Sofiane Boufal,Le Havre
Anass Salah-Eddine,Morocco,DEF,best score 50 < 85,Maroan Sannadi,Athletic Club
Ismaël Baouf,Morocco,DEF,best score 71 < 85,Ismael Bekhoucha,Getafe
Ayoub El Kaabi,Morocco,FWD,best score 72 < 85,Ayoube Amaimouni Echghouyab,Eintracht Frankfurt
Rayane Bounida,Morocco,FWD,best score 57 < 85,Sofiane Boufal,Le Havre
Ismael Saibari,Morocco,MID,best score 64 < 85,Abdel Abqar,Getafe
Kees Smit,Netherlands,MID,best score 57 < 85,Mitchel Bakker,Atalanta
Luciano Valente,Netherlands,MID,best score 56 < 85,Noa Lang,Napoli
Wout Weghorst,Netherlands,FWD,best score 55 < 85,Ernest Poku,Leverkusen
Jerdy Schouten,Netherlands,MID,best score 50 < 85,Jeffrey Gouweleeuw,Augsburg
Callum McCowatt,New Zealand,MID,best score 24 < 85,Chris Wood,Nottingham Forest
Alex Rufer,New Zealand,MID,best score 9 < 85,Chris Wood,Nottingham Forest
Joe Bell,New Zealand,MID,best score 21 < 85,Chris Wood,Nottingham Forest
Ryan Thomas,New Zealand,MID,best score 28 < 85,Chris Wood,Nottingham Forest
Marko Stamenic,New Zealand,MID,best score 16 < 85,Chris Wood,Nottingham Forest
Tyler Bindon,New Zealand,DEF,best score 27 < 85,Chris Wood,Nottingham Forest
Francis de Vries,New Zealand,DEF,best score 47 < 85,Chris Wood,Nottingham Forest
Tim Payne,New Zealand,DEF,best score 21 < 85,Chris Wood,Nottingham Forest
Callan Elliot,New Zealand,DEF,best score 26 < 85,Chris Wood,Nottingham Forest
Finn Surman,New Zealand,DEF,best score 19 < 85,Chris Wood,Nottingham Forest
Kosta Barbarouses,New Zealand,FWD,best score 34 < 85,Chris Wood,Nottingham Forest
Elijah Just,New Zealand,MID,best score 19 < 85,Chris Wood,Nottingham Forest
Ben Waine,New Zealand,FWD,best score 21 < 85,Chris Wood,Nottingham Forest
Ben Old,New Zealand,FWD,best score 35 < 85,Chris Wood,Nottingham Forest
Jesse Randall,New Zealand,FWD,best score 26 < 85,Chris Wood,Nottingham Forest
Lachlan Bayliss,New Zealand,MID,best score 31 < 85,Chris Wood,Nottingham Forest
Patrick Berg,Norway,MID,best score 58 < 85,Sander Berge,Fulham
Fredrik Bjørkan,Norway,DEF,best score 60 < 85,Fredrik Oppegard,Auxerre
Henrik Falchener,Norway,DEF,best score 50 < 85,Alexander Røssing-Lelesiit,Hamburger SV
Andreas Schjelderup,Norway,FWD,best score 66 < 85,Andreas Hanche-Olsen,Mainz 05
Jens Petter Hauge,Norway,MID,best score 63 < 85,Kjetil Haug,Toulouse
Carlos Harvey,Panama,MID,best score 43 < 85,Michael Amir Murillo,Marseille
Cristian Martínez,Panama,MID,best score 35 < 85,Michael Amir Murillo,Marseille
Yoel Bárcenas,Panama,MID,best score 41 < 85,Michael Amir Murillo,Marseille
José Luis Rodríguez,Panama,MID,best score 30 < 85,Michael Amir Murillo,Marseille
Aníbal Godoy,Panama,MID,best score 36 < 85,Michael Amir Murillo,Marseille
José Córdoba,Panama,DEF,best score 27 < 85,Michael Amir Murillo,Marseille
Éric Davis,Panama,DEF,best score 47 < 85,Michael Amir Murillo,Marseille
César Blackman,Panama,DEF,best score 35 < 85,Michael Amir Murillo,Marseille
Andrés Andrade,Panama,DEF,best score 33 < 85,Michael Amir Murillo,Marseille
Roderick Miller,Panama,DEF,best score 40 < 85,Michael Amir Murillo,Marseille
Jiovany Ramos,Panama,DEF,best score 39 < 85,Michael Amir Murillo,Marseille
Martín Krug,Panama,DEF,best score 38 < 85,Michael Amir Murillo,Marseille
Jorge Gutiérrez,Panama,DEF,best score 28 < 85,Michael Amir Murillo,Marseille
Ismael Díaz,Panama,FWD,best score 54 < 85,Michael Amir Murillo,Marseille
José Fajardo,Panama,FWD,best score 31 < 85,Michael Amir Murillo,Marseille
Cecilio Waterman,Panama,FWD,best score 38 < 85,Michael Amir Murillo,Marseille
César Yanis,Panama,FWD,best score 40 < 85,Michael Amir Murillo,Marseille
Kadir Barría,Panama,FWD,best score 45 < 85,Michael Amir Murillo,Marseille
Adalberto Carrasquilla,Panama,MID,best score 42 < 85,Michael Amir Murillo,Marseille
Maurício Magalhães Prado,Paraguay,MID,best score 46 < 85,Omar Alderete,Sunderland
Alejandro Romero,Paraguay,MID,best score 52 < 85,Omar Alderete,Sunderland
Matías Galarza,Paraguay,MID,best score 53 < 85,Antonio Sanabria,Cremonese
Lucas Romero,Paraguay,MID,best score 38 < 85,Omar Alderete,Sunderland
Braian Ojeda,Paraguay,MID,best score 35 < 85,Antonio Sanabria,Cremonese
Gustavo Gómez,Paraguay,DEF,best score 66 < 85,Diego Gómez,Brighton
Júnior Alonso,Paraguay,DEF,best score 64 < 85,Julio Enciso,Strasbourg
Fabián Balbuena,Paraguay,DEF,best score 45 < 85,Antonio Sanabria,Cremonese
Alan Benítez,Paraguay,DEF,best score 41 < 85,Julio Enciso,Strasbourg
Gustavo Velázquez,Paraguay,DEF,best score 35 < 85,Diego Gómez,Brighton
Juan José Cáceres,Paraguay,DEF,best score 44 < 85,Omar Alderete,Sunderland
José Canale,Paraguay,DEF,best score 41 < 85,Omar Alderete,Sunderland
Miguel Almirón,Paraguay,MID,best score 38 < 85,Julio Enciso,Strasbourg
Ramón Sosa,Paraguay,FWD,best score 54 < 85,Antonio Sanabria,Cremonese
Álex Arce,Paraguay,FWD,best score 51 < 85,Omar Alderete,Sunderland
Gabriel Ávalos,Paraguay,FWD,best score 44 < 85,Antonio Sanabria,Cremonese
Gustavo Caballero,Paraguay,FWD,best score 40 < 85,Omar Alderete,Sunderland
Alexandro Maidana,Paraguay,FWD,best score 44 < 85,Omar Alderete,Sunderland
Damián Bobadilla,Paraguay,MID,best score 43 < 85,Antonio Sanabria,Cremonese
Gonçalo Inácio,Portugal,DEF,best score 74 < 85,Gonçalo Ramos,Paris Saint-Germain
Tomás Araújo,Portugal,DEF,best score 66 < 85,Tiago Tomás,Stuttgart
Trincão,Portugal,FWD,best score 65 < 85,Francisco Conceição,Juventus
Rúben Neves,Portugal,MID,best score 66 < 85,Rúben Dias,Manchester City
Mohammad Al Mannai,Qatar,MID,no FBref players from this country,,
Ayoub Al Oui,Qatar,MID,no FBref players from this country,,
Ahmed Fathy,Qatar,MID,no FBref players from this country,,
Karim Boudiaf,Qatar,MID,no FBref players from this country,,
Assim Madibo,Qatar,MID,no FBref players from this country,,
Mohammed Waad,Qatar,MID,no FBref players from this country,,
Pedro Miguel,Qatar,DEF,no FBref players from this country,,
Bassam Al Rawi,Qatar,DEF,no FBref players from this country,,
Lucas Mendes,Qatar,DEF,no FBref players from this country,,
Boualem Khoukhi,Qatar,DEF,no FBref players from this country,,
Niall Mason,Qatar,DEF,no FBref players from this country,,
Hashmi Al Hussain,Qatar,DEF,no FBref players from this country,,
Issa Laye,Qatar,DEF,no FBref players from this country,,
Akram Afif,Qatar,FWD,no FBref players from this country,,
Almoez Ali,Qatar,FWD,no FBref players from this country,,
Edmílson Junior,Qatar,FWD,no FBref players from this country,,
Hassan Al Haydos,Qatar,FWD,no FBref players from this country,,
Yusuf Abdurisag,Qatar,FWD,no FBref players from this country,,
Ahmed Al Ganehi,Qatar,FWD,no FBref players from this country,,
Mubarak Shanan,Qatar,FWD,no FBref players from this country,,
Musab Al Juwayr,Saudi Arabia,MID,best score 40 < 85,Saud Abdulhamid,Lens
Ziyad Al Johani,Saudi Arabia,MID,best score 53 < 85,Saud Abdulhamid,Lens
Mohamed Kanno,Saudi Arabia,MID,best score 33 < 85,Saud Abdulhamid,Lens
Abdullah Al Khaibari,Saudi Arabia,MID,best score 48 < 85,Saud Abdulhamid,Lens
Aiman Yahya,Saudi Arabia,MID,best score 38 < 85,Saud Abdulhamid,Lens
Abdulelah Al Amri,Saudi Arabia,DEF,best score 56 < 85,Saud Abdulhamid,Lens
Hassan Kadish,Saudi Arabia,DEF,best score 42 < 85,Saud Abdulhamid,Lens
Ali Majrashi,Saudi Arabia,DEF,best score 37 < 85,Saud Abdulhamid,Lens
Nawaf Bu Washl,Saudi Arabia,DEF,best score 34 < 85,Saud Abdulhamid,Lens
Ali Lajami,Saudi Arabia,DEF,best score 48 < 85,Saud Abdulhamid,Lens
Feras Al Brikan,Saudi Arabia,FWD,best score 33 < 85,Saud Abdulhamid,Lens
Abdullah Al Hamddan,Saudi Arabia,FWD,best score 55 < 85,Saud Abdulhamid,Lens
Khalid Al Ghannam,Saudi Arabia,FWD,best score 50 < 85,Saud Abdulhamid,Lens
Saleh Al Shehri,Saudi Arabia,FWD,best score 46 < 85,Saud Abdulhamid,Lens
Sultan Mandash,Saudi Arabia,FWD,best score 41 < 85,Saud Abdulhamid,Lens
Kenny McLean,Scotland,MID,best score 56 < 85,Lennon Miller,Udinese
Kieran Tierney,Scotland,DEF,best score 61 < 85,Kieron Bowie,Hellas Verona
Jack Hendry,Scotland,DEF,best score 43 < 85,Aaron Hickey,Brentford
John Souttar,Scotland,DEF,best score 50 < 85,John McGinn,Aston Villa
Scott McKenna,Scotland,DEF,best score 71 < 85,Scott McTominay,Napoli
Anthony Ralston,Scotland,DEF,best score 58 < 85,Nathan Patterson,Everton
Dominic Hyam,Scotland,DEF,best score 45 < 85,Josh Doig,Sassuolo
Grant Hanley,Scotland,DEF,best score 52 < 85,Tom Cairney,Fulham
George Hirst,Scotland,FWD,best score 48 < 85,Ryan Christie,Bournemouth
Lyndon Dykes,Scotland,FWD,best score 48 < 85,Lennon Miller,Udinese
Findlay Curtis,Scotland,FWD,best score 48 < 85,Andy Irving,West Ham United
Ismail Jakobs,Senegal,DEF,best score 64 < 85,Ismaila Sarr,Crystal Palace
Kalidou Koulibaly,Senegal,DEF,best score 48 < 85,Abdoulaye Ndiaye,Parma
Abdoulaye Seck,Senegal,DEF,best score 78 < 85,Abdoulaye Faye,Lorient
Cherif Ndiaye,Senegal,FWD,best score 69 < 85,Cheikh Niasse,Hellas Verona
Jayden Adams,South Africa,MID,best score 34 < 85,Lyle Foster,Burnley
Teboho Mokoena,South Africa,MID,best score 31 < 85,Lyle Foster,Burnley
Themba Zwane,South Africa,MID,best score 33 < 85,Lyle Foster,Burnley
Thalente Mbatha,South Africa,MID,best score 30 < 85,Lyle Foster,Burnley
Tshepang Moremi,South Africa,MID,best score 30 < 85,Lyle Foster,Burnley
Yaya Sithole,South Africa,MID,best score 43 < 85,Lyle Foster,Burnley
Aubrey Modiba,South Africa,DEF,best score 25 < 85,Lyle Foster,Burnley
Thabang Matuludi,South Africa,DEF,best score 14 < 85,Lyle Foster,Burnley
Khuliso Mudau,South Africa,DEF,best score 16 < 85,Lyle Foster,Burnley
Nkosinathi Sibisi,South Africa,DEF,best score 31 < 85,Lyle Foster,Burnley
Mbekezeli Mbokazi,South Africa,DEF,best score 25 < 85,Lyle Foster,Burnley
Khulumani Ndamane,South Africa,DEF,best score 21 < 85,Lyle Foster,Burnley
Ime Okon,South Africa,DEF,best score 31 < 85,Lyle Foster,Burnley
Samukele Kabini,South Africa,DEF,best score 29 < 85,Lyle Foster,Burnley
Relebohile Mofokeng,South Africa,FWD,best score 49 < 85,Lyle Foster,Burnley
Oswin Appollis,South Africa,FWD,best score 24 < 85,Lyle Foster,Burnley
Evidence Makgopa,South Africa,FWD,best score 22 < 85,Lyle Foster,Burnley
Thapelo Maseko,South Africa,FWD,best score 31 < 85,Lyle Foster,Burnley
Alejandro Grimaldo,Spain,DEF,best score 78 < 85,Alejandro Balde,Barcelona
Besfort Zeneli,Sweden,MID,best score 47 < 85,Joel Asoro,Metz
Elliot Stroud,Sweden,MID,best score 55 < 85,Williot Swedberg,Celta Vigo
Taha Ali,Sweden,MID,best score 53 < 85,Hjalmar Ekdal,Burnley
Gustaf Lagerbielke,Sweden,DEF,best score 43 < 85,Alexander Isak,Liverpool
Benjamin Nygren,Sweden,FWD,best score 60 < 85,Amin Sarr,Hellas Verona
Gustaf Nilsson,Sweden,FWD,best score 61 < 85,Isak Jansson,Nice
Hadj Mahmoud,Tunisia,MID,best score 45 < 85,Ali Abdi,Nice
Mortadha Ben Ouanes,Tunisia,MID,best score 42 < 85,Ali Abdi,Nice
Anis Ben Slimane,Tunisia,MID,best score 51 < 85,Ali Abdi,Nice
Moutaz Neffati,Tunisia,DEF,best score 48 < 85,Montassar Talbi,Lorient
Omar Rekik,Tunisia,DEF,best score 43 < 85,Ismaël Gharbi,Augsburg
Adem Arous,Tunisia,DEF,best score 43 < 85,Ismaël Gharbi,Augsburg
Mohamed Amine Ben Hmida,Tunisia,DEF,best score 47 < 85,Rani Khedira,Union Berlin
Raed Chikhaoui,Tunisia,DEF,best score 46 < 85,Rani Khedira,Union Berlin
Firas Chaouat,Tunisia,FWD,best score 52 < 85,Elias Saad,Augsburg
Sebastian Tounekti,Tunisia,FWD,best score 40 < 85,Elias Saad,Augsburg
Hazem Mastouri,Tunisia,FWD,best score 44 < 85,Ismaël Gharbi,Augsburg
Rayan Elloumi,Tunisia,FWD,best score 49 < 85,Elias Saad,Augsburg
Khalil Ayari,Tunisia,FWD,best score 60 < 85,Ali Abdi,Nice
Ismail Yüksek,Turkiye,MID,best score 44 < 85,Semih Kılıçsoy,Cagliari
Orkun Kökçü,Turkiye,MID,best score 47 < 85,Ozan Kabak,Hoffenheim
Kaan Ayhan,Turkiye,DEF,best score 72 < 85,Hakan Çalhanoğlu,Inter
Samet Akaydin,Turkiye,DEF,best score 44 < 85,Ferdi Kadioglu,Brighton
Mert Müldür,Turkiye,DEF,best score 53 < 85,Bertuğ Yıldırım,Rennes
Eren Elmali,Turkiye,DEF,best score 50 < 85,Enes Ünal,Bournemouth
Abdülkerim Bardakci,Turkiye,DEF,best score 60 < 85,Arda Güler,Real Madrid
Merih Demiral,Turkiye,DEF,best score 56 < 85,Emirhan İlkhan,Torino
Mustafa Eskihellaç,Turkiye,DEF,best score 45 < 85,Zeki Çelik,Roma
Ahmetcan Kaplan,Turkiye,DEF,best score 56 < 85,Ozan Kabak,Hoffenheim
Kenan Yildiz,Turkiye,MID,best score 83 < 85,Kenan Yıldız,Juventus
Kerem Aktürkoglu,Turkiye,FWD,best score 53 < 85,Ferdi Kadioglu,Brighton
Baris Alper Yilmaz,Turkiye,FWD,best score 54 < 85,Arda Güler,Real Madrid
Oguz Aydin,Turkiye,FWD,best score 52 < 85,Can Uzun,Eintracht Frankfurt
Yunus Akgün,Turkiye,FWD,best score 50 < 85,Can Uzun,Eintracht Frankfurt
Deniz Gül,Turkiye,FWD,best score 73 < 85,Deniz Ofli,Bayern Munich
Pablo Alcoba,Uruguay,MID,best score 48 < 85,Thiago Borbas,Oviedo
Emiliano Martínez,Uruguay,MID,best score 53 < 85,Manuel Ugarte,Manchester Utd
Luciano González,Uruguay,MID,best score 50 < 85,Carlos Benavídez,Alavés
Facundo Pellistri,Uruguay,MID,best score 53 < 85,Franco Israel,Torino
Maxi Araújo,Uruguay,MID,best score 67 < 85,Ronald Araújo,Barcelona
Nicolás de la Cruz,Uruguay,MID,best score 60 < 85,Nicolas Fonseca,Oviedo
Matías Viña,Uruguay,DEF,best score 83 < 85,Matías Vecino,Celta Vigo
Guillermo Varela,Uruguay,DEF,best score 58 < 85,Leandro Cabrera,Espanyol
Sebastián Cáceres,Uruguay,DEF,best score 65 < 85,Sebastián Boselli,Getafe
José Rodríguez,Uruguay,DEF,best score 78 < 85,Juan Rodríguez,Cagliari
Brian Barboza,Uruguay,DEF,best score 53 < 85,Thiago Borbas,Oviedo
Benjamín García,Uruguay,DEF,best score 53 < 85,Martin Satriano,Getafe
Darwin Núñez,Uruguay,FWD,best score 52 < 85,José María Giménez,Atlético Madrid
Brian Rodríguez,Uruguay,FWD,best score 82 < 85,Juan Rodríguez,Cagliari
Rodrigo Aguirre,Uruguay,FWD,best score 68 < 85,Rodrigo Bentancur,Tottenham Hotspur
Facundo Torres,Uruguay,FWD,best score 51 < 85,Franco Israel,Torino
Agustín Canobbio,Uruguay,FWD,best score 64 < 85,Agustín Albarracín,Cagliari
Facundo Martínez,Uruguay,FWD,best score 52 < 85,José María Giménez,Atlético Madrid
Agustín Álvarez,Uruguay,FWD,best score 72 < 85,Agustín Albarracín,Cagliari
Giorgian de Arrascaeta,Uruguay,MID,best score 48 < 85,Ronald Araújo,Barcelona
Cristian Roldan,United States,MID,best score 62 < 85,Christian Pulisic,Milan
Sebastian Berhalter,United States,MID,best score 50 < 85,Mathis Albert,Dortmund
Aidan Morris,United States,MID,best score 50 < 85,Damion Downs,Hamburger SV
Tim Ream,United States,DEF,best score 60 < 85,Timothy Weah,Marseille
Auston Trusty,United States,DEF,best score 48 < 85,Antonee Robinson,Fulham
Alexander Freeman,United States,DEF,best score 82 < 85,Alex Freeman,Villarreal
Ricardo Pepi,United States,FWD,best score 58 < 85,Chris Richards,Crystal Palace
Patrick Agyemang,United States,FWD,best score 48 < 85,Malik Tillman,Leverkusen
Max Arfsten,United States,FWD,best score 52 < 85,Alex Freeman,Villarreal
Abdulla Abdullaev,Uzbekistan,MID,best score 45 < 85,Abdukodir Khusanov,Manchester City
Sherzod Esanov,Uzbekistan,MID,best score 50 < 85,Abdukodir Khusanov,Manchester City
Jasurbek Jaloliddinov,Uzbekistan,MID,best score 46 < 85,Abdukodir Khusanov,Manchester City
Ruslanbek Jiyanov,Uzbekistan,MID,best score 45 < 85,Abdukodir Khusanov,Manchester City
Akmal Mozgovoy,Uzbekistan,MID,best score 31 < 85,Abdukodir Khusanov,Manchester City
Otabek Shukurov,Uzbekistan,MID,best score 48 < 85,Abdukodir Khusanov,Manchester City
Umarali Rakhmonaliev,Uzbekistan,MID,best score 36 < 85,Abdukodir Khusanov,Manchester City
Dostonbek Khamdamov,Uzbekistan,MID,best score 43 < 85,Abdukodir Khusanov,Manchester City
Aziz G'aniev,Uzbekistan,MID,best score 40 < 85,Abdukodir Khusanov,Manchester City
Odiljon Hamrobekov,Uzbekistan,MID,best score 44 < 85,Abdukodir Khusanov,Manchester City
Oston Urunov,Uzbekistan,MID,best score 42 < 85,Abdukodir Khusanov,Manchester City
Jamshid Iskanderov,Uzbekistan,MID,best score 44 < 85,Abdukodir Khusanov,Manchester City
Jaloliddin Masharipov,Uzbekistan,MID,best score 46 < 85,Abdukodir Khusanov,Manchester City
Abbosbek Fayzullaev,Uzbekistan,MID,best score 37 < 85,Abdukodir Khusanov,Manchester City
Rustam Ashurmatov,Uzbekistan,DEF,best score 40 < 85,Abdukodir Khusanov,Manchester City
Sherzod Nasrullaev,Uzbekistan,DEF,best score 33 < 85,Abdukodir Khusanov,Manchester City
Farrukh Sayfiev,Uzbekistan,DEF,best score 42 < 85,Abdukodir Khusanov,Manchester City
Khojiakbar Alijonov,Uzbekistan,DEF,best score 48 < 85,Abdukodir Khusanov,Manchester City
Umar Eshmurodov,Uzbekistan,DEF,best score 42 < 85,Abdukodir Khusanov,Manchester City
Avazbek O'lmasaliev,Uzbekistan,DEF,best score 37 < 85,Abdukodir Khusanov,Manchester City
Bekhruz Karimov,Uzbekistan,DEF,best score 48 < 85,Abdukodir Khusanov,Manchester City
Jakhongir Urozov,Uzbekistan,DEF,best score 52 < 85,Abdukodir Khusanov,Manchester City
Eldor Shomurodov,Uzbekistan,FWD,best score 47 < 85,Abdukodir Khusanov,Manchester City
Igor Sergeev,Uzbekistan,FWD,best score 39 < 85,Abdukodir Khusanov,Manchester City
Sherzod Temirov,Uzbekistan,FWD,best score 36 < 85,Abdukodir Khusanov,Manchester City
Azizbek Amanov,Uzbekistan,FWD,best score 50 < 85,Abdukodir Khusanov,Manchester City
Germán Pezzella,Argentina,DEF,best score 48 < 85,Gerónimo Rulli,Marseille
Lautaro Di Lollo,Argentina,DEF,best score 60 < 85,Lautaro Valenti,Parma
Gonzalo Montiel,Argentina,DEF,best score 61 < 85,Nicolás González,Atlético Madrid
Kevin Mac Allister,Argentina,DEF,best score 81 < 85,Alexis Mac Allister,Liverpool
Emiliano Buendía,Argentina,MID,best score 81 < 85,Emi Buendía,Aston Villa
Aníbal Moreno,Argentina,MID,best score 76 < 85,Matias Moreno,Levante
Alan Varela,Argentina,MID,best score 64 < 85,Julián Álvarez,Atlético Madrid
Tomás Aranda,Argentina,MID,best score 56 < 85,Thiago Almada,Atlético Madrid
Milton Delgado,Argentina,MID,best score 53 < 85,Mateo Pellegrino,Parma
Dennis Hadzikadunic,Bosnia-Herzegovina,DEF,best score 61 < 85,Denis Huseinbasic,Köln
Ermin Mahmic,Bosnia-Herzegovina,MID,best score 62 < 85,Ermedin Demirović,Stuttgart
Neymar,Brazil,MID,best score 60 < 85,Gabriel Martinelli,Arsenal
Willer Ditta,Colombia,DEF,best score 47 < 85,Luis Díaz,Bayern Munich
Juan Portilla,Colombia,MID,best score 72 < 85,Juan Arizala,Udinese
David Zima,Czechia,DEF,best score 45 < 85,Vladimír Coufal,Hoffenheim
Alexandr Sojka,Czechia,MID,best score 64 < 85,Alex Král,Union Berlin
David Doudera,Czechia,MID,best score 42 < 85,Vladimír Coufal,Hoffenheim
Hugo Sochurek,Czechia,MID,best score 56 < 85,Tomáš Souček,West Ham United
Christophe Kabongo,Czechia,FWD,best score 40 < 85,Louis Buffon,Pisa
Jan Kuchta,Czechia,FWD,best score 42 < 85,Alex Král,Union Berlin
Augustine Boakye,Ghana,MID,best score 46 < 85,Kwasi Sibo,Oviedo
Ko Itakura,Japan,DEF,best score 70 < 85,Kōta Takai,Gladbach
Takehiro Tomiyasu,Japan,DEF,best score 63 < 85,Hiroki Ito,Bayern Munich
Yuto Nagatomo,Japan,DEF,best score 47 < 85,Tomoya Ando,St Pauli
Julián Araujo,Mexico,DEF,best score 46 < 85,Johan Vásquez,Genoa
Alejandro Gómez,Mexico,DEF,best score 55 < 85,Álvaro Fidalgo,Real Betis
Ramón Juárez,Mexico,DEF,best score 50 < 85,Raúl Jiménez,Fulham
Mateo Chávez,Mexico,DEF,best score 48 < 85,Johan Vásquez,Genoa
Bryan González,Mexico,DEF,best score 46 < 85,Santiago Giménez,Milan
Víctor Guzmán,Mexico,DEF,best score 41 < 85,Santiago Giménez,Milan
Marcel Ruiz,Mexico,MID,best score 43 < 85,Raúl Jiménez,Fulham
Jordán Carrillo,Mexico,MID,best score 42 < 85,Johan Vásquez,Genoa
Diego Lainez,Mexico,MID,best score 57 < 85,Santiago Giménez,Milan
César Huerta,Mexico,MID,best score 34 < 85,Obed Vargas,Atlético Madrid
Edson Álvarez,Mexico,MID,best score 56 < 85,Álvaro Fidalgo,Real Betis
Jesús Angulo,Mexico,MID,best score 38 < 85,Johan Vásquez,Genoa
Gilberto Mora,Mexico,MID,best score 41 < 85,Obed Vargas,Atlético Madrid
Luis Chávez,Mexico,MID,best score 41 < 85,Johan Vásquez,Genoa
Luis Romo,Mexico,MID,best score 36 < 85,Álvaro Fidalgo,Real Betis
Elías Montiel,Mexico,MID,best score 41 < 85,Santiago Giménez,Milan
Kevin Castañeda,Mexico,MID,best score 35 < 85,Johan Vásquez,Genoa
Alexis Gutiérrez,Mexico,MID,best score 50 < 85,Raúl Jiménez,Fulham
Jeremy Márquez,Mexico,MID,best score 51 < 85,Johan Vásquez,Genoa
Alexéi Domínguez,Mexico,FWD,best score 50 < 85,Raúl Jiménez,Fulham
Efraín Álvarez,Mexico,MID,best score 54 < 85,Álvaro Fidalgo,Real Betis
Jorge Ruvalcaba,Mexico,FWD,best score 46 < 85,Obed Vargas,Atlético Madrid
Michael Boxall,New Zealand,DEF,best score 33 < 85,Chris Wood,Nottingham Forest
Liberato Cacace,New Zealand,DEF,best score 24 < 85,Chris Wood,Nottingham Forest
Nando Pijnaker,New Zealand,DEF,best score 8 < 85,Chris Wood,Nottingham Forest
Tommy Smith,New Zealand,DEF,best score 27 < 85,Chris Wood,Nottingham Forest
Matthew Garbett,New Zealand,FWD,best score 26 < 85,Chris Wood,Nottingham Forest
Sarpreet Singh,New Zealand,MID,best score 16 < 85,Chris Wood,Nottingham Forest
Blás Riveros,Paraguay,DEF,best score 33 < 85,Julio Enciso,Strasbourg
Alcides Benítez,Paraguay,DEF,best score 50 < 85,Omar Alderete,Sunderland
Agustín Sández,Paraguay,DEF,best score 46 < 85,Antonio Sanabria,Cremonese
Alan Núñez,Paraguay,DEF,best score 36 < 85,Antonio Sanabria,Cremonese
Saúl Salcedo,Paraguay,DEF,best score 41 < 85,Julio Enciso,Strasbourg
Diego León,Paraguay,DEF,best score 66 < 85,Diego Gómez,Brighton
Tarek Salman,Qatar,DEF,no FBref players from this country,,
Rayyan Al Ali,Qatar,DEF,no FBref players from this country,,
Homam El Amin,Qatar,DEF,no FBref players from this country,,
Sultan Al Brake,Qatar,DEF,no FBref players from this country,,
Abdulaziz Hatem,Qatar,MID,no FBref players from this country,,
Jassem Gaber,Qatar,MID,no FBref players from this country,,
Ahmed Alaa,Qatar,FWD,no FBref players from this country,,
Mohammed Muntari,Qatar,FWD,no FBref players from this country,,
Sebastián Soria,Qatar,FWD,no FBref players from this country,,
Tahsin Jamshid,Qatar,FWD,no FBref players from this country,,
Ken Sema,Sweden,MID,best score 55 < 85,Isak Hien,Atalanta
Hans Vanaken,Belgium,MID,best score 56 < 85,Aster Vranckx,Sassuolo
Stopira,Cape Verde,DEF,best score 54 < 85,Logan Costa,Villarreal
Jamiro Monteiro,Cape Verde,MID,best score 30 < 85,Logan Costa,Villarreal
Hélio Varela,Cape Verde,MID,best score 34 < 85,Logan Costa,Villarreal
Gilson Benchimol,Cape Verde,MID,best score 44 < 85,Logan Costa,Villarreal
Oumar Diakité,Ivory Coast,FWD,best score 50 < 85,Amad Diallo,Manchester Utd
Ange-Yoan Bonny,Ivory Coast,FWD,best score 47 < 85,Simon Adingra,Sunderland
Keeto Thermoncy,Haiti,DEF,best score 30 < 85,Jean-Ricner Bellegarde,Wolves
Dominique Simon,Haiti,MID,best score 50 < 85,Josué Casimir,Auxerre
Lenny Joseph,Haiti,FWD,best score 40 < 85,Carlens Arcus,Angers
Ehsan Haddad,Jordan,DEF,best score 37 < 85,Musa Al-Taamari,Rennes
Saed Al Rosan,Jordan,DEF,best score 42 < 85,Musa Al-Taamari,Rennes
Anas Badawi,Jordan,DEF,best score 38 < 85,Musa Al-Taamari,Rennes
Raja'ei Ayed,Jordan,MID,best score 28 < 85,Musa Al-Taamari,Rennes
Ali Olwan,Jordan,FWD,best score 40 < 85,Musa Al-Taamari,Rennes
Lee Gi-Hyuk,South Korea,DEF,best score 54 < 85,Lee Kang-in,Paris Saint-Germain
Hwang In-Beom,South Korea,MID,best score 53 < 85,Hong Hyunseok,Nantes
Lee Dong-Gyeong,South Korea,MID,best score 66 < 85,Jeong Woo-yeong,Union Berlin
Dylan Bronn,Tunisia,DEF,best score 38 < 85,Hannibal Mejbri,Burnley
Yan Valery,Tunisia,DEF,best score 48 < 85,Hannibal Mejbri,Burnley
Elias Achouri,Tunisia,MID,best score 63 < 85,Elias Saad,Augsburg
Gédéon Kalulu,Congo DR,DEF,no FBref players from this country,,
Gaël Kakuta,Congo DR,MID,no FBref players from this country,,
Armando Obispo,Curacao,DEF,no FBref players from this country,,
Deveron Fonville,Curacao,DEF,no FBref players from this country,,
Jürgen Locadia,Curacao,FWD,no FBref players from this country,,
Roozbeh Cheshmi,IR Iran,MID,no FBref players from this country,,
Kasra Taheri,IR Iran,FWD,no FBref players from this country,,
Mustafa Saadoon,Iraq,DEF,no FBref players from this country,,
Ahmed Yahya,Iraq,DEF,no FBref players from this country,,
Dario Naamo,Iraq,DEF,no FBref players from this country,,
Jussef Nasrawe,Iraq,MID,no FBref players from this country,,
Ahmed Qasem,Iraq,MID,no FBref players from this country,,
Nélson Semedo,Portugal,DEF,best score 57 < 85,Pedro Neto,Chelsea
Cristiano Ronaldo,Portugal,FWD,best score 57 < 85,Tiago Tomás,Stuttgart
Ross Stewart,Scotland,FWD,best score 40 < 85,Ryan Christie,Bournemouth
Lawrence Shankland,Scotland,FWD,best score 45 < 85,Aaron Hickey,Brentford
Christian Fassnacht,Switzerland,MID,best score 52 < 85,Fabian Schär,Newcastle United
Cedric Itten,Switzerland,FWD,best score 69 < 85,Cedric Zesiger,Augsburg
Yusuf Akçiçek,Turkiye,DEF,best score 43 < 85,Zeki Çelik,Roma
Çaglar Söyüncü,Turkiye,DEF,best score 48 < 85,Livan Burcu,Union Berlin
Aral Simsir,Turkiye,MID,best score 47 < 85,Arda Güler,Real Madrid
Demir Ege Tiknaz,Turkiye,MID,best score 53 < 85,Emirhan İlkhan,Torino
Yusuf Sari,Turkiye,MID,best score 42 < 85,Can Uzun,Eintracht Frankfurt
Aaron Tshibola,Congo DR,MID,no FBref players from this country,,
Karim Hafez,Egypt,DEF,best score 48 < 85,Haissem Hassan,Oviedo
Nabil Emad Dunga,Egypt,MID,best score 40 < 85,Haissem Hassan,Oviedo
Mostafa Zico,Egypt,MID,best score 70 < 85,Mostafa Mohamed,Nantes
Aqtay Abdallah,Egypt,FWD,best score 44 < 85,Mohamed Salah,Liverpool
Hamza Abdelkarim,Egypt,FWD,best score 48 < 85,Mohamed Salah,Liverpool
Maya Yoshida,Japan,DEF,best score 50 < 85,Koki Machida,Hoffenheim
Ronaldo Dejesús,Paraguay,DEF,best score 42 < 85,Omar Alderete,Sunderland
Mateo Gamarra,Paraguay,DEF,best score 55 < 85,Antonio Sanabria,Cremonese
Robert Piris Da Motta,Paraguay,MID,best score 37 < 85,Omar Alderete,Sunderland
Óscar Romero,Paraguay,MID,best score 48 < 85,Omar Alderete,Sunderland
Mathías Villasanti,Paraguay,MID,best score 47 < 85,Antonio Sanabria,Cremonese
Hugo Cuenca,Paraguay,MID,best score 52 < 85,Julio Enciso,Strasbourg
Andrés Cubas,Paraguay,MID,best score 45 < 85,Omar Alderete,Sunderland
Álvaro Campuzano,Paraguay,MID,best score 39 < 85,Omar Alderete,Sunderland
Ángel Romero,Paraguay,MID,best score 45 < 85,Omar Alderete,Sunderland
Rodney Redes,Paraguay,MID,best score 48 < 85,Omar Alderete,Sunderland
Enso González,Paraguay,MID,best score 58 < 85,Diego Gómez,Brighton
Diego González,Paraguay,MID,best score 80 < 85,Diego Gómez,Brighton
Youssef Belammari,Morocco,DEF,best score 78 < 85,Youssef El-Arabi,Nantes
Soufiane Bouftini,Morocco,DEF,best score 77 < 85,Sofiane Boufal,Le Havre
Mohamed Chibi,Morocco,DEF,best score 51 < 85,Omar El Hilali,Espanyol
Imrân Louza,Morocco,MID,best score 57 < 85,Samir El Mourabet,Strasbourg
Soufiane El-Faouzi,Morocco,MID,best score 69 < 85,Sofiane Diop,Nice
Ayyoub Bouaddi,Morocco,MID,best score 57 < 85,Ayoube Amaimouni Echghouyab,Eintracht Frankfurt
Marwane Saadane,Morocco,MID,best score 68 < 85,Maroan Sannadi,Athletic Club
Soufiane Benjdida,Morocco,FWD,best score 68 < 85,Sofiane Diop,Nice
Othmane Maamma,Morocco,MID,best score 56 < 85,Hamza Igamane,Lille
Tawfik Bentayeb,Morocco,FWD,best score 48 < 85,Reda Belahyane,Lazio
Yanis Begraoui,Morocco,MID,best score 55 < 85,Neil El Aynaoui,Roma
Thelo Aasgaard,Norway,MID,best score 50 < 85,Erling Haaland,Manchester City
Fredrik Aursnes,Norway,MID,best score 64 < 85,Fredrik Oppegard,Auxerre
Lorenzo Melgarejo,Paraguay,MID,best score 44 < 85,Omar Alderete,Sunderland
Rubén Lezcano,Paraguay,MID,best score 40 < 85,Julio Enciso,Strasbourg
Carlos González,Paraguay,FWD,best score 46 < 85,Diego Gómez,Brighton
Isidro Pitta,Paraguay,FWD,best score 39 < 85,Julio Enciso,Strasbourg
Adrián Alcaraz,Paraguay,FWD,best score 46 < 85,Antonio Sanabria,Cremonese
Adam Bareiro,Paraguay,FWD,best score 40 < 85,Omar Alderete,Sunderland
Ronaldo Martínez,Paraguay,MID,best score 48 < 85,Omar Alderete,Sunderland
Robert Morales,Paraguay,FWD,best score 44 < 85,Omar Alderete,Sunderland
Ilay Camara,Senegal,DEF,best score 75 < 85,Lamine Camara,Monaco
Sadio Mané,Senegal,MID,best score 81 < 85,Sadibou Sané,Metz
Thabiso Monyane,South Africa,DEF,best score 23 < 85,Lyle Foster,Burnley
Olwethu Makhanya,South Africa,DEF,best score 22 < 85,Lyle Foster,Burnley
Bradley Cross,South Africa,DEF,best score 41 < 85,Lyle Foster,Burnley
Thapelo Morena,South Africa,DEF,best score 31 < 85,Lyle Foster,Burnley
Lebohang Maboe,South Africa,MID,best score 40 < 85,Lyle Foster,Burnley
Kamogelo Sebelebele,South Africa,MID,best score 40 < 85,Lyle Foster,Burnley
Patrick Maswanganyi,South Africa,MID,best score 24 < 85,Lyle Foster,Burnley
Brooklyn Poggenpoel,South Africa,MID,best score 40 < 85,Lyle Foster,Burnley
Iqraam Rayners,South Africa,MID,best score 30 < 85,Lyle Foster,Burnley
Ivan Toney,England,FWD,best score 63 < 85,Kaden Rodney,Crystal Palace
Amine Sbaï,Morocco,FWD,best score 80 < 85,Amine Adli,Bournemouth
Sondre Langås,Norway,DEF,best score 59 < 85,Sander Tangvik,Hamburger SV
Deinner Ordóñez,Ecuador,DEF,best score 46 < 85,Kendry Páez,Strasbourg
Fricio Caicedo,Ecuador,DEF,best score 64 < 85,Moisés Caicedo,Chelsea
Ederson Castillo,Ecuador,MID,best score 48 < 85,Nilson Angulo,Sunderland
Darwin Guagua,Ecuador,MID,best score 46 < 85,Nilson Angulo,Sunderland
Malcom DaCosta,Ecuador,MID,best score 42 < 85,Moisés Caicedo,Chelsea
Bruno Caicedo,Ecuador,MID,best score 66 < 85,Moisés Caicedo,Chelsea
Luis Fragozo,Ecuador,MID,best score 48 < 85,Nilson Angulo,Sunderland
Hassan Al Tambakti,Saudi Arabia,DEF,best score 48 < 85,Saud Abdulhamid,Lens
Zakaria Hawsawi,Saudi Arabia,DEF,best score 33 < 85,Saud Abdulhamid,Lens
Jehad Thikri,Saudi Arabia,DEF,best score 37 < 85,Saud Abdulhamid,Lens
Moteb Al Harbi,Saudi Arabia,DEF,best score 41 < 85,Saud Abdulhamid,Lens
Salem Al Dawsari,Saudi Arabia,MID,best score 45 < 85,Saud Abdulhamid,Lens
Alaa Al Hejji,Saudi Arabia,MID,best score 42 < 85,Saud Abdulhamid,Lens
Nasser Al Dawsari,Saudi Arabia,MID,best score 37 < 85,Saud Abdulhamid,Lens
Mohammed Abu Al Shamat,Saudi Arabia,MID,best score 56 < 85,Saud Abdulhamid,Lens
Saleh Abu Al Shamat,Saudi Arabia,FWD,best score 58 < 85,Saud Abdulhamid,Lens
Abdullah Al Salem,Saudi Arabia,FWD,best score 59 < 85,Saud Abdulhamid,Lens
Zorhan Bassong,Canada,DEF,best score 42 < 85,Tajon Buchanan,Villarreal
Alistair Johnston,Canada,DEF,best score 49 < 85,Ismaël Koné,Sassuolo
Jamie Knight-Lebel,Canada,DEF,best score 47 < 85,Ismaël Koné,Sassuolo
Alfie Jones,Canada,DEF,best score 54 < 85,Ismaël Koné,Sassuolo
Stephen Eustaquio,Canada,MID,best score 47 < 85,Theo Bair,Auxerre
Jacob Shaffelburg,Canada,MID,best score 45 < 85,Jacen Russell-Rowe,Toulouse
Jayden Nelson,Canada,MID,best score 51 < 85,Jacen Russell-Rowe,Toulouse
Promise David,Canada,FWD,best score 57 < 85,Alphonso Davies,Bayern Munich
Alexander Djiku,Ghana,DEF,best score 53 < 85,Nathaniel Adjei,Lorient
Jerome Opoku,Ghana,DEF,best score 50 < 85,Joseph Aidoo,Celta Vigo
Caleb Yirenkyi,Ghana,MID,best score 61 < 85,Caleb Ekuban,Genoa
Jordan Ayew,Ghana,FWD,best score 50 < 85,Jonas Adjetey,Wolfsburg
Prince Adu,Ghana,FWD,best score 57 < 85,Francis Abu,Toulouse
Abdul Fatawu,Ghana,FWD,best score 60 < 85,Abdul Mumin,Rayo Vallecano
Christopher Bonsu Baah,Ghana,FWD,best score 55 < 85,Ernest Nuamah,Lyon
Brandon Thomas-Asante,Ghana,FWD,best score 62 < 85,Thomas Partey,Villarreal
Harry Souttar,Australia,DEF,best score 33 < 85,Mathew Ryan,Levante
Cameron Devlin,Australia,MID,best score 50 < 85,Jackson Irvine,St Pauli
Mathew Leckie,Australia,MID,best score 67 < 85,Mathew Ryan,Levante
Mohamed Touré,Australia,FWD,best score 41 < 85,Mathew Ryan,Levante
Tete Yengi,Australia,FWD,best score 47 < 85,Mathew Ryan,Levante
Brandon Borrello,Australia,FWD,best score 40 < 85,Jackson Irvine,St Pauli
Redouane Halhal,Morocco,DEF,best score 55 < 85,Omar El Hilali,Espanyol
Zakaria El Ouahdi,Morocco,DEF,best score 64 < 85,Zakaria Aboukhlal,Torino
Soufiane Rahimi,Morocco,FWD,best score 66 < 85,Sofiane Diop,Nice
Fidel Escobar,Panama,DEF,best score 43 < 85,Michael Amir Murillo,Marseille
Edgardo Fariña,Panama,DEF,best score 35 < 85,Michael Amir Murillo,Marseille
Alberto Quintero,Panama,FWD,best score 38 < 85,Michael Amir Murillo,Marseille
Azarías Londoño,Panama,FWD,best score 38 < 85,Michael Amir Murillo,Marseille
Tomás Rodríguez,Panama,FWD,best score 34 < 85,Michael Amir Murillo,Marseille
Sergiño Dest,United States,DEF,best score 56 < 85,Kevin Paredes,Wolfsburg
Miles Robinson,United States,DEF,best score 69 < 85,Antonee Robinson,Fulham
Haji Wright,United States,FWD,best score 48 < 85,Chris Richards,Crystal Palace
Álex Zendejas,United States,MID,best score 64 < 85,Alex Freeman,Villarreal
